ts,cpu_percent_lag_0,cpu_percent_lag_1,cpu_percent_lag_3,cpu_percent_lag_5,cpu_percent_lag_10,cpu_percent_lag_20,cpu_percent_roll_mean,cpu_percent_roll_std,cpu_percent_roll_max,cpu_percent_roll_min,cpu_percent_delta,cpu_percent_ewma_fast,cpu_percent_ewma_slow,cpu_percent_trend,cpu_percent_headroom,cpu_percent_level_x_vol,cpu_percent_slope_x_vol,cpu_percent_steps_to_saturation,cpu_percent_zscore_local,mem_percent_now,disk_percent_now,hour,minute,second_of_minute,dayofweek,__target__
2026-07-17 15:20:37,3.6,4.0,11.7,10.9,18.7,61.1,11.8,7.4266786355379795,25.3,3.6,-0.3999999999999999,4.9340576171875,12.134924169033294,-7.2008665518457935,96.4,26.736043087936725,-2.970671454215191,1928.0,-1.1041274844937468,70.5,85.8,15.0,20.0,37.0,4.0,4.4
2026-07-17 15:20:40,4.4,3.6,5.3,11.1,25.3,63.3,9.709999999999999,6.011368858717315,23.7,3.6,0.8000000000000003,4.66702880859375,10.728574320118149,-6.061545511524399,95.6,26.450022978356188,4.809095086973854,119.49999999999996,-0.8833262647491287,70.5,85.8,15.0,20.0,40.0,4.0,3.9
2026-07-17 15:20:43,3.9,4.4,4.0,11.7,23.7,63.0,7.7299999999999995,3.7127557899162125,11.7,3.6,-0.5000000000000004,4.283514404296875,9.487015352823938,-5.203500948527063,96.1,14.479747580673228,-1.8563778949581078,1921.9999999999998,-1.031578756244141,70.5,85.8,15.0,20.0,43.0,4.0,0.2
2026-07-17 15:20:46,0.2,3.9,3.6,5.3,11.5,42.2,6.6,4.133602141796848,11.7,0.2,-3.6999999999999997,2.2417572021484378,7.798467106855949,-5.55670990470751,99.8,0.8267204283593697,-15.294327924648336,1995.9999999999998,-1.5482864050428338,70.5,85.8,15.0,20.0,46.0,4.0,3.6
2026-07-17 15:20:49,3.6,0.2,4.4,4.0,10.9,34.8,5.869999999999999,3.929390679368997,11.7,0.2,3.4,2.920878601074219,7.035109451063957,-4.114230849989738,96.4,14.14580644572839,13.35992830985459,28.35294117647059,-0.577697710721024,70.7,85.8,15.0,20.0,49.0,4.0,1.4
2026-07-17 15:20:52,1.4,3.6,3.9,3.6,10.9,36.0,4.92,3.7210512254231434,11.7,0.2,-2.2,2.160439300537109,6.010544096325056,-3.8501047957879466,98.6,5.2094717155924,-8.186312695930916,1971.9999999999998,-0.9459692400766989,70.6,85.8,15.0,20.0,52.0,4.0,0.3
2026-07-17 15:20:55,0.3,1.4,0.2,4.4,11.1,38.8,3.84,3.267754920771002,11.7,0.2,-1.0999999999999999,1.2302196502685545,4.972263351538682,-3.742043701270127,99.7,0.9803264762313006,-3.594530412848102,1994.0,-1.0833125757071047,70.7,85.8,15.0,20.0,55.0,4.0,0.9
2026-07-17 15:20:58,0.9,0.3,3.6,3.9,11.7,41.1,2.7600000000000002,1.8649992552875514,5.3,0.2,0.6000000000000001,1.0651098251342772,4.231851833077103,-3.166742007942826,99.1,1.6784993297587962,1.118999553172531,165.16666666666663,-0.9973194330917948,70.6,85.8,15.0,20.0,58.0,4.0,4.6
2026-07-17 15:21:01,4.6,0.9,1.4,0.2,5.3,20.2,2.6900000000000004,1.769777136001031,4.6,0.2,3.6999999999999997,2.8325549125671383,4.29878786342672,-1.466232950859582,95.4,8.140974825604742,6.548175403203814,25.783783783783786,1.0792319333019604,70.6,85.8,15.0,21.0,1.0,4.0,5.2
2026-07-17 15:21:04,5.2,4.6,0.3,3.6,4.0,22.7,2.81,1.9040599897181136,5.2,0.2,0.6000000000000005,4.01627745628357,4.4626446155309525,-0.4463671592473828,94.8,9.901111946534192,1.1424359938308692,157.99999999999986,1.255212552601259,70.8,85.8,15.0,21.0,4.0,4.0,5.4
2026-07-17 15:21:07,5.4,5.2,0.9,1.4,3.6,18.7,2.9899999999999998,2.065295243892587,5.4,0.2,0.20000000000000018,4.708138728141785,4.633072867252597,0.07506586088918787,94.6,11.15259431701997,0.41305904877851773,472.99999999999955,1.166903379614494,70.9,85.8,15.0,21.0,7.0,4.0,4.3
2026-07-17 15:21:10,4.3,5.4,4.6,0.3,4.4,25.3,2.98,2.057938558633859,5.4,0.2,-1.1000000000000005,4.504069364070892,4.572514164115761,-0.06844480004486897,95.7,8.849135802125595,-2.2637324144972464,1914.0,0.6414185663911501,71.6,85.8,15.0,21.0,10.0,4.0,3.6
2026-07-17 15:21:13,3.6,4.3,5.2,0.9,3.9,23.7,2.95,2.0451840449648224,5.4,0.2,-0.6999999999999997,4.052034682035446,4.3956934070038045,-0.3436587249683587,96.4,7.3626625618733605,-1.4316288314753751,1928.0,0.31781980775778057,72.3,85.8,15.0,21.0,13.0,4.0,13.2
2026-07-17 15:21:16,13.2,3.6,5.4,4.6,0.2,11.5,4.25,3.6246838942636366,13.2,0.3,9.6,8.626017341017722,5.9964764239122035,2.629540917105518,86.8,47.84582740428,34.79696538493091,9.041666666666666,2.4691808337174224,72.4,85.8,15.0,21.0,16.0,4.0,13.0
2026-07-17 15:21:19,13.0,13.2,4.3,5.2,3.6,10.9,5.1899999999999995,4.540545733230358,13.2,0.3,-0.1999999999999993,10.81300867050886,7.269844346837257,3.543164323671604,87.0,59.027094531994656,-0.9081091466460683,1740.0,1.7200575567033434,72.4,85.8,15.0,21.0,19.0,4.0,14.7
2026-07-17 15:21:22,14.7,13.0,3.6,5.4,1.4,10.9,6.5200000000000005,5.206150209127741,14.7,0.3,1.6999999999999993,12.75650433525443,8.62078173832139,4.135722596933039,85.3,76.53040807417779,8.850455355517155,50.17647058823531,1.5712185917452637,71.4,85.8,15.0,21.0,22.0,4.0,14.0
2026-07-17 15:21:25,14.0,14.7,13.2,4.3,0.3,11.1,7.890000000000001,5.19004388763297,14.7,0.9,-0.6999999999999993,13.378252167627215,9.598821422262956,3.779430745364259,86.0,72.66061442686159,-3.6330307213430753,1720.0,1.1772540140863037,70.5,85.8,15.0,21.0,25.0,4.0,14.4
2026-07-17 15:21:28,14.4,14.0,13.0,3.6,0.9,11.7,9.239999999999998,4.918491186894242,14.7,3.6,0.40000000000000036,13.889126083813608,10.471762981851509,3.417363101962099,85.6,70.82627309127709,1.9673964747576984,213.9999999999998,1.0491022152787997,70.5,85.8,15.0,21.0,28.0,4.0,26.1
2026-07-17 15:21:31,26.1,14.4,14.7,13.2,4.6,5.3,11.39,6.946054035685829,26.1,3.6,11.700000000000001,19.994563041906805,13.313260621514871,6.681302420391933,73.9,181.29201033140015,81.2688322175242,6.316239316239316,2.117749145691405,70.4,85.8,15.0,21.0,31.0,4.0,26.7
2026-07-17 15:21:34,26.7,26.1,14.0,13.0,5.2,4.0,13.540000000000001,8.055943285688082,26.7,3.6,0.5999999999999979,23.347281520953402,15.747213235784894,7.600068285168508,73.3,215.0936857278718,4.833565971412832,122.1666666666671,1.63357654508065,70.7,85.8,15.0,21.0,34.0,4.0,29.2
2026-07-17 15:21:37,29.2,26.7,14.4,14.7,5.4,3.6,15.919999999999998,8.859495847206391,29.2,3.6,2.5,26.273640760476702,18.193174465642187,8.080466294834515,70.8,258.69727873842663,22.148739618015977,28.32,1.4989566256399904,71.3,85.8,15.0,21.0,37.0,4.0,20.4
2026-07-17 15:21:40,20.4,29.2,26.1,14.0,4.3,4.4,17.53,7.92703531522911,29.2,3.6,-8.8,23.33682038023835,18.59441547188906,4.74240490834929,79.6,161.71152043067383,-69.75791077401618,1591.9999999999998,0.36205212741846443,72.0,85.8,15.0,21.0,40.0,4.0,20.6
2026-07-17 15:21:43,20.6,20.4,26.7,14.4,3.6,3.9,19.229999999999997,6.254074227609152,29.2,13.0,0.20000000000000284,21.968410190119176,18.95906720427287,3.009342985846306,79.4,128.83392908874853,1.2508148455218482,396.9999999999944,0.21905720177608717,72.3,85.8,15.0,21.0,43.0,4.0,40.8
2026-07-17 15:21:46,40.8,20.6,29.2,26.1,13.2,0.2,21.990000000000002,8.849036356826936,40.8,13.0,20.199999999999996,31.384205095059585,22.930145894405072,8.454059200654513,59.2,361.04068335853896,178.75053440790407,2.9306930693069315,2.125655183401782,72.5,85.8,15.0,21.0,46.0,4.0,41.6
2026-07-17 15:21:49,41.6,40.8,20.4,26.7,13.0,3.6,24.85,10.147167092346535,41.6,14.0,0.8000000000000043,36.4921025475298,26.324664822695055,10.167437724834741,58.4,422.1221510416159,8.117733673877272,72.99999999999962,1.6507070246860946,70.8,85.8,15.0,21.0,49.0,4.0,42.0
2026-07-17 15:21:52,42.0,41.6,20.6,29.2,14.7,1.4,27.580000000000002,10.766491226640818,42.0,14.0,0.3999999999999986,39.2460512737649,29.174725764023226,10.071325509741673,58.0,452.19263151891437,4.306596490656312,145.0000000000005,1.3393407096565375,70.7,85.8,15.0,21.0,52.0,4.0,43.1
2026-07-17 15:21:55,43.1,42.0,40.8,20.4,14.0,0.3,30.490000000000002,10.619839923464022,43.1,14.4,1.1000000000000014,41.17302563688245,31.70659380692809,9.46643182995436,56.9,457.7151007012994,11.68182391581044,51.72727272727266,1.1874001953775983,70.7,85.8,15.0,21.0,55.0,4.0,40.2
2026-07-17 15:21:58,40.2,43.1,41.6,20.6,14.4,0.9,33.07,9.332505915704902,43.1,20.4,-2.8999999999999986,40.68651281844123,33.25084947839571,7.435663340045522,59.8,375.16673781133704,-27.0642671555442,1195.9999999999998,0.7639963011436741,70.9,85.8,15.0,21.0,58.0,4.0,62.3
2026-07-17 15:22:01,62.3,40.2,42.0,40.8,26.1,4.6,36.690000000000005,12.730667260159189,62.3,20.4,22.099999999999994,51.49325640922061,38.53251320959649,12.960743199624126,37.7,793.1205703079174,281.347746449518,1.705882352941177,2.011677744508088,70.8,85.8,15.0,22.0,1.0,4.0,61.4
2026-07-17 15:22:04,61.4,62.3,43.1,41.6,26.7,5.2,40.160000000000004,14.333348837200921,62.3,20.4,-0.8999999999999986,56.446628204610306,42.69023808057894,13.756390124031363,38.6,880.0676186041366,-12.900013953480808,772.0,1.481858862241145,70.8,85.8,15.0,22.0,4.0,4.0,62.1
2026-07-17 15:22:07,62.1,61.4,40.2,42.0,29.2,5.4,43.45,15.282542691290319,62.3,20.4,0.7000000000000028,59.27331410230515,46.219285702291856,13.054028400013294,37.9,949.0459011291288,10.697779883903266,54.14285714285692,1.220346664605022,70.8,85.8,15.0,22.0,7.0,4.0,62.1
2026-07-17 15:22:10,62.1,62.1,62.3,43.1,20.4,4.3,47.62,13.922946686834809,62.3,20.6,0.0,60.68665705115258,49.10668830187515,11.579968749277427,37.9,864.6149892524417,0.0,757.9999999999999,1.040009728234608,70.8,85.8,15.0,22.0,10.0,4.0,59.4
2026-07-17 15:22:13,59.4,62.1,61.4,40.2,20.6,3.6,51.5,10.555567251455503,62.3,40.2,-2.700000000000003,60.043328525576285,50.97819951971603,9.065129005860257,40.6,627.0006947364569,-28.50003157892989,812.0,0.7484202233575529,70.8,85.8,15.0,22.0,13.0,4.0,78.3
2026-07-17 15:22:16,78.3,59.4,62.1,62.3,40.8,13.2,55.25,12.762379610924178,78.3,40.2,18.9,69.17166426278814,55.945799607040385,13.225864655747756,21.700000000000003,999.2943235353631,241.20897464646694,1.1481481481481484,1.8060895148636664,70.9,85.8,15.0,22.0,16.0,4.0,76.1
2026-07-17 15:22:19,76.1,78.3,62.1,61.4,41.6,13.0,58.7,13.31365214106682,78.3,40.2,-2.200000000000003,72.63583213139407,59.61019967848758,13.025632452906486,23.900000000000006,1013.1689279351849,-29.29003471034704,478.0000000000001,1.3069291442825495,70.9,85.8,15.0,22.0,19.0,4.0,76.9
2026-07-17 15:22:22,76.9,76.1,59.4,62.1,42.0,14.7,62.19,13.020620398258885,78.3,40.2,0.8000000000000114,74.76791606569704,62.75379973694439,12.01411632875265,23.099999999999994,1001.2857086261083,10.416496318607257,28.874999999999584,1.1297464752115058,70.9,85.8,15.0,22.0,22.0,4.0,76.9
2026-07-17 15:22:25,76.9,76.9,78.3,62.1,43.1,14.0,65.57000000000001,11.848773963767062,78.3,40.2,0.0,75.83395803284853,65.32583614840904,10.50812188443949,23.099999999999994,911.1707178136871,0.0,461.9999999999999,0.9562170765217188,70.9,85.8,15.0,22.0,25.0,4.0,77.6
2026-07-17 15:22:28,77.6,76.9,76.1,59.4,40.2,14.4,69.31,8.331659831963572,78.3,59.4,0.6999999999999886,76.71697901642426,67.55750230324375,9.15947671318051,22.400000000000006,646.5368029603732,5.832161882374406,32.000000000000526,0.994999816026603,70.9,85.8,15.0,22.0,28.0,4.0,91.1
2026-07-17 15:22:31,91.1,77.6,76.9,78.3,62.3,26.1,72.19,10.36805456947229,91.1,59.4,13.5,83.90848950821213,71.83795642992669,12.070533078285436,8.900000000000006,944.5297712789256,139.96873668787592,0.6592592592592597,1.8238715733305086,71.0,85.8,15.0,22.0,31.0,4.0,91.7
2026-07-17 15:22:34,91.7,91.1,76.9,76.1,61.4,26.7,75.22,11.254016566936828,91.7,59.4,0.6000000000000085,87.80424475410607,75.44923707903092,12.355007675075143,8.299999999999997,1031.993319188107,6.752409940162193,13.833333333333131,1.4643660689479159,71.0,85.8,15.0,22.0,34.0,4.0,90.6
2026-07-17 15:22:37,90.6,91.7,77.6,76.9,62.1,29.2,78.07,11.170700763853414,91.7,59.4,-1.1000000000000085,89.20212237705303,78.20392124647984,10.998201130573193,9.400000000000006,1012.0654892051193,-12.287770840238851,188.0000000000001,1.121684329826922,71.0,85.8,15.0,22.0,37.0,4.0,90.6
2026-07-17 15:22:40,90.6,90.6,91.1,76.9,62.1,20.4,80.91999999999999,10.240420998290157,91.7,59.4,0.0,89.90106118852651,80.45775374711987,9.443307441406645,9.400000000000006,927.7821424450881,0.0,188.0000000000001,0.9452736368569492,71.0,85.8,15.0,22.0,40.0,4.0,91.1
2026-07-17 15:22:43,91.1,90.6,91.7,77.6,59.4,20.6,84.09,7.332037764344751,91.7,76.1,0.5,90.50053059426325,82.39270761127989,8.107822982983365,8.900000000000006,667.9486403318067,3.6660188821723754,17.80000000000001,0.9560779997737041,71.0,85.8,15.0,22.0,43.0,4.0,95.55
2026-07-17 15:22:46,95.55,91.1,90.6,91.1,78.3,40.8,85.815,7.830710553824448,95.55,76.1,4.450000000000003,93.02526529713163,84.78494259104718,8.240322706084442,4.450000000000003,748.224393417926,34.846661964518816,1.0,1.2431822033372837,71.0,85.8,15.0,22.0,46.0,4.0,100.0
2026-07-17 15:22:49,100.0,95.55,90.6,91.7,76.1,41.6,88.205,8.175792520198469,100.0,76.9,4.450000000000003,96.51263264856581,87.55131666540224,8.961315983163573,0.0,817.5792520198469,36.38227671488321,0.0,1.4426735965791946,71.0,85.8,15.0,22.0,49.0,4.0,100.0
2026-07-17 15:22:52,100.0,100.0,91.1,90.6,76.9,42.0,90.515,7.884938173505229,100.0,76.9,0.0,98.2563163242829,89.8147136353291,8.441602688953807,0.0,788.4938173505229,0.0,0.0,1.2029263630590354,71.0,85.8,15.0,22.0,52.0,4.0,100.0
2026-07-17 15:22:55,100.0,100.0,95.55,90.6,76.9,43.1,92.825,6.755954164044243,100.0,77.6,0.0,99.12815816214146,91.66658388345108,7.461574278690378,0.0,675.5954164044243,0.0,0.0,1.0620261514185445,71.0,85.8,15.0,22.0,55.0,4.0,100.0
2026-07-17 15:22:58,100.0,100.0,100.0,91.1,77.6,40.2,95.065,4.47574016225251,100.0,90.6,0.0,99.56407908107073,93.18175045009635,6.382328630974385,0.0,447.574016225251,0.0,0.0,1.102610924919368,71.1,85.8,15.0,22.0,58.0,4.0,93.7
2026-07-17 15:23:01,93.7,100.0,100.0,95.55,91.1,62.3,95.325,4.291545305727441,100.0,90.6,-6.299999999999997,96.63203954053537,93.27597764098792,3.3560618995474556,6.299999999999997,402.1177951466612,-27.036735426082867,125.99999999999994,-0.37865148431062723,71.1,85.8,15.0,23.0,1.0,4.0,90.0
2026-07-17 15:23:04,90.0,93.7,100.0,100.0,91.7,61.4,95.155,4.48060325799503,100.0,90.0,-3.700000000000003,93.31601977026769,92.68034534262647,0.6356744276412201,10.0,403.2542932195527,-16.578232054581623,200.0,-1.1505147193743612,71.0,85.8,15.0,23.0,4.0,4.0,90.9
2026-07-17 15:23:07,90.9,90.0,100.0,100.0,90.6,62.1,95.185,4.447599227548386,100.0,90.0,0.9000000000000057,92.10800988513384,92.35664618942165,-0.24863630428781391,9.099999999999994,404.2867697841483,4.002839304793572,10.111111111111041,-0.9634411242494038,70.9,85.8,15.0,23.0,7.0,4.0,92.5
2026-07-17 15:23:10,92.5,90.9,93.7,100.0,90.6,62.1,95.375,4.266878249962156,100.0,90.0,1.5999999999999943,92.30400494256692,92.3827105186177,-0.07870557605077977,7.5,394.68623812149946,6.827005199939426,4.687500000000017,-0.673794711631507,70.9,85.8,15.0,23.0,10.0,4.0,91.4
2026-07-17 15:23:13,91.4,92.5,90.0,100.0,91.1,59.4,95.405,4.234412592084067,100.0,90.0,-1.0999999999999943,91.85200247128347,92.20403587886902,-0.35203340758555157,8.599999999999994,387.02531091648376,-4.657853851292449,171.9999999999999,-0.945821861451824,70.9,85.8,15.0,23.0,13.0,4.0,76.9
2026-07-17 15:23:16,76.9,91.4,90.9,93.7,95.55,78.3,93.54,7.218833392976703,100.0,76.9,-14.5,84.37600123564174,89.42148390089284,-5.0454826652511,23.099999999999994,555.1282879199085,-104.67308419816219,461.9999999999999,-2.305081596174428,70.9,85.8,15.0,23.0,16.0,4.0,78.8
2026-07-17 15:23:19,78.8,76.9,92.5,90.0,100.0,76.1,91.42,8.162216474572189,100.0,76.9,1.8999999999999915,81.58800061782087,87.49030500982141,-5.902304392000545,21.200000000000003,643.1826581962885,15.508211301687089,11.157894736842158,-1.5461486520622407,70.8,85.8,15.0,23.0,19.0,4.0,77.3
2026-07-17 15:23:22,77.3,78.8,91.4,90.9,100.0,76.9,89.15,8.652713126207537,100.0,76.9,-1.5,79.44400030891043,85.63752228076297,-6.193521971852533,22.700000000000003,668.8547246558426,-12.979069689311306,454.00000000000006,-1.3695126403888804,70.8,85.8,15.0,23.0,22.0,4.0,78.6
2026-07-17 15:23:25,78.6,77.3,76.9,92.5,100.0,76.9,87.01,8.310695919516386,100.0,76.9,1.2999999999999972,79.02200015445521,84.3579727751697,-5.335972620714486,21.400000000000006,653.2206992739879,10.803904695371278,16.461538461538503,-1.0119489488540214,70.8,85.8,15.0,23.0,25.0,4.0,77.9
2026-07-17 15:23:28,77.9,78.6,78.8,91.4,100.0,77.6,84.8,7.356176543105314,93.7,76.9,-0.6999999999999886,78.46100007722761,83.18379590695703,-4.722795829729421,22.099999999999994,573.046152707904,-5.149323580173636,441.9999999999999,-0.9379872763476726,70.8,85.8,15.0,23.0,28.0,4.0,64.4
2026-07-17 15:23:31,64.4,77.9,77.3,76.9,93.7,91.1,81.87,9.056127452970376,92.5,64.4,-13.5,71.43050003861381,79.7685602875103,-8.338060248896483,35.599999999999994,583.2146079712923,-122.25772061510007,711.9999999999999,-1.9290806242208864,70.7,85.8,15.0,23.0,31.0,4.0,62.4
2026-07-17 15:23:34,62.4,64.4,78.6,78.8,90.0,91.7,79.11,10.407951020467163,92.5,62.4,-2.000000000000007,66.91525001930691,76.61064023523569,-9.695390215928782,37.6,649.456143677151,-20.8159020409344,752.0,-1.6055033279018995,70.7,85.8,15.0,23.0,34.0,4.0,63.0
2026-07-17 15:23:37,63.0,62.4,77.9,77.3,90.9,90.6,76.32000000000001,10.633364681249448,92.5,62.4,0.6000000000000014,64.95762500965346,74.13597837428375,-9.178353364630297,37.0,669.9019749187153,6.380018808749684,61.66666666666652,-1.2526608838581537,70.7,85.8,15.0,23.0,37.0,4.0,63.7
2026-07-17 15:23:40,63.7,63.0,64.4,78.6,92.5,90.6,73.44,9.615635415532505,91.4,62.4,0.7000000000000028,64.32881250482673,72.23852776077761,-7.909715255950886,36.3,612.5159759694207,6.7309447908727815,51.85714285714264,-1.012933579435281,70.7,85.8,15.0,23.0,40.0,4.0,63.9
2026-07-17 15:23:43,63.9,63.7,62.4,77.9,91.4,91.1,70.69000000000001,7.637400663110926,78.8,62.4,0.19999999999999574,64.11440625241336,70.72243180427259,-6.608025551859228,36.1,488.0299023727881,1.5274801326221525,180.50000000000387,-0.8890459332317204,70.7,85.8,15.0,23.0,43.0,4.0,45.5
2026-07-17 15:23:46,45.5,63.9,63.0,64.4,76.9,95.55,67.55,10.658043389332162,78.8,45.5,-18.4,54.80720312620668,66.13653511258666,-11.329331986379977,54.5,484.9409742146134,-196.10799836371177,1090.0,-2.068860033171779,70.6,85.8,15.0,23.0,46.0,4.0,46.4
2026-07-17 15:23:49,46.4,45.5,63.7,62.4,78.8,100.0,64.31,11.72901909321009,78.6,45.5,0.8999999999999986,50.60360156310334,62.54807418302544,-11.944472619922102,53.6,544.2264859249482,10.556117183889064,59.55555555555565,-1.5269819119288564,70.6,85.8,15.0,23.0,49.0,4.0,44.6
2026-07-17 15:23:52,44.6,46.4,63.9,63.0,77.3,100.0,61.040000000000006,12.25173003656572,78.6,44.6,-1.7999999999999972,47.601800781551674,59.2847879679299,-11.682987186378227,55.4,546.427159630831,-22.05311406581826,1108.0,-1.3418513100545184,70.6,85.8,15.0,23.0,52.0,4.0,45.0
2026-07-17 15:23:55,45.0,44.6,45.5,63.7,78.6,100.0,57.68000000000001,11.484172683403008,77.9,44.6,0.3999999999999986,46.30090039077584,56.68755379194264,-10.386653401166804,55.0,516.7877707531353,4.593669073361187,137.50000000000048,-1.1041282946158772,70.6,85.8,15.0,23.0,55.0,4.0,44.5
2026-07-17 15:23:58,44.5,45.0,46.4,63.9,77.9,100.0,54.339999999999996,9.662550847932772,64.4,44.5,-0.5,45.40045019538792,54.471634920680344,-9.071184725292426,55.5,429.98351273300835,-4.831275423966386,1110.0,-1.0183646280221323,70.6,85.8,15.0,23.0,58.0,4.0,26.3
2026-07-17 15:24:01,26.3,44.5,44.6,45.5,64.4,93.7,50.53,12.38350605532292,63.9,26.3,-18.2,35.85022509769396,49.349519480556644,-13.499294382862686,73.7,325.68620925499283,-225.37981020687712,1474.0,-1.9566348893240124,70.5,85.8,15.0,24.0,1.0,4.0,25.5
2026-07-17 15:24:04,25.5,26.3,45.0,46.4,62.4,90.0,46.839999999999996,13.862836009353181,63.9,25.5,-0.8000000000000007,30.67511254884698,45.013243211364525,-14.338130662517546,74.5,353.5023182385061,-11.090268807482556,1490.0,-1.5393675569415963,70.5,85.8,15.0,24.0,4.0,4.0,25.9
2026-07-17 15:24:07,25.9,25.5,44.5,44.6,63.0,90.9,43.129999999999995,14.021019934369853,63.9,25.5,0.3999999999999986,28.287556274423487,41.538108082025516,-13.25055180760203,74.1,363.14441630017916,5.608407973747921,185.25000000000065,-1.228869232099438,70.5,85.8,15.0,24.0,7.0,4.0,26.9
2026-07-17 15:24:10,26.9,25.9,26.3,45.0,63.7,92.5,39.45,12.798285475449736,63.9,25.5,1.0,27.593778137211743,38.8766338852936,-11.282855748081857,73.1,344.2738792895979,12.798285475449736,73.1,-0.9806000986674344,70.4,85.8,15.0,24.0,10.0,4.0,25.3
2026-07-17 15:24:13,25.3,26.9,25.5,44.5,63.9,91.4,35.59,10.152115269461866,46.4,25.3,-1.5999999999999979,26.44688906860587,36.408154997058396,-9.961265928452526,74.7,256.84851631738525,-16.243384431138963,1494.0,-1.0135818720412781,70.4,85.8,15.0,24.0,13.0,4.0,11.6
2026-07-17 15:24:16,11.6,25.3,25.9,26.3,45.5,76.9,32.2,11.972097189344366,46.4,11.6,-13.700000000000001,19.023444534302936,31.897581361229594,-12.874136826926659,88.4,138.87632739639463,-164.01773149401782,1768.0,-1.720667621904607,70.3,85.8,15.0,24.0,16.0,4.0,11.3
2026-07-17 15:24:19,11.3,11.6,26.9,25.5,46.4,78.8,28.689999999999998,12.480869805871187,45.0,11.3,-0.29999999999999893,15.161722267151468,28.152566568278758,-12.99084430112729,88.7,141.03382880634442,-3.744260941761343,1774.0,-1.393332377509417,70.3,85.8,15.0,24.0,19.0,4.0,11.2
2026-07-17 15:24:22,11.2,11.3,25.3,25.9,44.6,77.3,25.35,12.21640518137604,45.0,11.2,-0.10000000000000142,13.180861133575734,25.070281737682617,-11.889420604106883,88.8,136.82373803141164,-1.2216405181376213,1775.9999999999998,-1.1582785434762541,70.3,85.8,15.0,24.0,22.0,4.0,11.9
2026-07-17 15:24:25,11.9,11.2,11.6,26.9,45.0,78.6,22.04,10.689475613372458,44.5,11.2,0.7000000000000011,12.540430566787867,22.67568505810396,-10.135254491316092,88.1,127.20475979913226,7.482632929360732,125.85714285714266,-0.9485965791731571,70.3,85.8,15.0,24.0,25.0,4.0,10.9
2026-07-17 15:24:28,10.9,11.9,11.3,25.3,44.5,77.9,18.68,7.711002240665669,26.9,10.9,-1.0,11.720215283393934,20.534651411175965,-8.814436127782031,89.1,84.0499244232558,-7.711002240665669,1781.9999999999998,-1.0089479625580258,70.3,85.8,15.0,24.0,28.0,4.0,3.9
2026-07-17 15:24:31,3.9,10.9,11.2,11.6,26.3,64.4,16.44,8.467873929675866,26.9,3.9,-7.0,7.810107641696967,17.5101693364167,-9.700061694719732,96.1,33.02470832573588,-59.27511750773106,1921.9999999999998,-1.4808912017517493,70.2,85.8,15.0,24.0,31.0,4.0,4.0
2026-07-17 15:24:34,4.0,3.9,11.9,11.3,25.5,62.4,14.290000000000001,8.639630907753952,26.9,3.9,0.10000000000000009,5.905053820848483,15.05377491161366,-9.148721090765177,96.0,34.55852363101581,0.863963090775396,959.9999999999992,-1.191023101549959,70.3,85.8,15.0,24.0,34.0,4.0,4.3
2026-07-17 15:24:37,4.3,4.0,10.9,11.2,25.9,63.0,12.129999999999999,8.097605956220473,26.9,3.9,0.2999999999999998,5.102526910424242,13.098543109502083,-7.996016199077841,95.7,34.819705611748034,2.4292817868661407,319.00000000000017,-0.9669524600644586,70.6,85.8,15.0,24.0,37.0,4.0,4.6
2026-07-17 15:24:40,4.6,4.3,3.9,11.9,26.9,63.7,9.9,6.488964991942982,25.3,3.9,0.2999999999999998,4.851263455212121,11.553353453228976,-6.702089998016855,95.4,29.849238962937715,1.9466894975828934,318.0000000000002,-0.8167712426528331,70.6,85.8,15.0,24.0,40.0,4.0,4.1
2026-07-17 15:24:43,4.1,4.6,4.0,10.9,25.3,63.9,7.779999999999999,3.8078281940694674,11.9,3.9,-0.5,4.475631727606061,10.198198279914616,-5.722566552308555,95.9,15.612095595684815,-1.9039140970347337,1918.0,-0.966430157151377,70.6,85.8,15.0,24.0,43.0,4.0,0.2
2026-07-17 15:24:46,0.2,4.1,4.3,3.9,11.6,45.5,6.639999999999999,4.22116360997971,11.9,0.2,-3.8999999999999995,2.3378158638030304,8.380344047202867,-6.0425281833998365,99.8,0.844232721995942,-16.46253807892087,1995.9999999999998,-1.5256456738076907,70.6,85.8,15.0,24.0,46.0,4.0,0.7
2026-07-17 15:24:49,0.7,0.2,4.6,4.0,11.3,46.4,5.58,4.251744739907134,11.9,0.2,0.49999999999999994,1.518907931901515,6.983917856802345,-5.46500992490083,99.3,2.9762213179349937,2.1258723699535667,198.60000000000002,-1.1477641059201,70.5,85.8,15.0,24.0,49.0,4.0,0.2
2026-07-17 15:24:52,0.2,0.7,4.1,4.3,11.2,44.6,4.4799999999999995,4.054572179102272,11.9,0.2,-0.49999999999999994,0.8594539659507575,5.750478246474645,-4.8910242805238875,99.8,0.8109144358204544,-2.0272860895511355,1995.9999999999998,-1.0555984234439353,70.6,85.8,15.0,24.0,52.0,4.0,0.0
2026-07-17 15:24:55,0.0,0.2,0.2,4.6,11.9,45.0,3.29,3.3134238753549625,10.9,0.0,-0.2,0.42972698297537876,4.704936747115618,-4.275209764140239,100.0,0.0,-0.6626847750709925,2000.0,-0.9929306130950563,70.5,85.8,15.0,24.0,55.0,4.0,0.8
2026-07-17 15:24:58,0.8,0.0,0.7,4.1,10.9,44.5,2.2800000000000002,2.0247359224229755,4.6,0.0,0.8,0.6148634914876894,3.994948247640051,-3.3800847561523617,99.2,1.6197887379383804,1.6197887379383804,124.0,-0.7309595209971398,70.9,85.8,15.0,24.0,58.0,4.0,4.1
2026-07-17 15:25:01,4.1,0.8,0.2,0.2,3.9,26.3,2.3,2.043417616531192,4.6,0.0,3.3,2.3574317457438445,4.014048566250951,-1.6566168205071063,95.9,8.378012227777887,6.743278134552933,29.060606060606062,0.880877205637286,70.6,85.8,15.0,25.0,1.0,4.0,4.9
2026-07-17 15:25:04,4.9,4.1,0.0,0.7,4.0,25.5,2.3899999999999997,2.143957918325363,4.9,0.0,0.8000000000000007,3.6287158728719224,4.175130645114414,-0.5464147722424912,95.1,10.50539379979428,1.7151663346602921,118.87499999999989,1.1707319339367217,70.6,85.8,15.0,25.0,4.0,4.0,4.5
2026-07-17 15:25:07,4.5,4.9,0.8,0.2,4.3,25.9,2.41,2.164588747184766,4.9,0.0,-0.40000000000000036,4.064357936435961,4.234197800548157,-0.16983986411219565,95.5,9.740649362331446,-0.8658354988739071,1910.0,0.965541377186879,70.7,85.8,15.0,25.0,7.0,4.0,4.1
2026-07-17 15:25:10,4.1,4.5,4.1,0.0,4.6,26.9,2.3600000000000003,2.113554141985859,4.9,0.0,-0.40000000000000036,4.08217896821798,4.209798200448492,-0.12761923223051141,95.9,8.665571982142021,-0.8454216567943442,1918.0,0.8232578316470879,70.7,85.8,15.0,25.0,10.0,4.0,4.6
2026-07-17 15:25:13,4.6,4.1,4.9,0.8,4.1,25.3,2.4099999999999997,2.164588747184766,4.9,0.0,0.5,4.3410894841089895,4.280743982185129,0.06034550192386057,95.4,9.957108237049923,1.082294373592383,190.8,1.0117395292053901,70.1,85.8,15.0,25.0,13.0,4.0,11.4
2026-07-17 15:25:16,11.4,4.6,4.5,4.1,0.2,11.6,3.53,3.4247627655057418,11.4,0.0,6.800000000000001,7.870544742054495,5.575154167242378,2.2953905748121173,88.6,39.04229552676546,23.288386805439046,13.02941176470588,2.2979693890819974,70.1,85.8,15.0,25.0,16.0,4.0,13.8
2026-07-17 15:25:19,13.8,11.4,4.1,4.9,0.7,11.3,4.840000000000001,4.544398261106762,13.8,0.0,2.4000000000000004,10.835272371027248,7.0705806822892185,3.7646916887380293,86.2,62.71269600327332,10.90655582665623,35.916666666666664,1.9716581789681973,70.1,85.8,15.0,25.0,19.0,4.0,12.7
2026-07-17 15:25:22,12.7,13.8,4.6,4.5,0.2,11.2,6.09,4.836079679519491,13.8,0.0,-1.1000000000000014,11.767636185513624,8.094111467327542,3.6735247181860817,87.3,61.41821192989753,-5.319687647471447,1745.9999999999998,1.3668095726364797,70.1,85.8,15.0,25.0,22.0,4.0,12.1
2026-07-17 15:25:25,12.1,12.7,11.4,4.1,0.0,11.9,7.3,4.653314231096808,13.8,0.8,-0.5999999999999996,11.933818092756812,8.822454836904353,3.11136325585246,87.9,56.30510219627138,-2.7919885386580834,1758.0,1.0315228591103802,70.1,85.8,15.0,25.0,25.0,4.0,13.2
2026-07-17 15:25:28,13.2,12.1,13.8,4.6,0.8,10.9,8.540000000000001,4.372438932931716,13.8,4.1,1.0999999999999996,12.566909046378406,9.618372139285379,2.948536907093027,86.8,57.71619391469864,4.809682826224885,78.90909090909093,1.065766742881752,70.1,85.8,15.0,25.0,28.0,4.0,27.2
2026-07-17 15:25:31,27.2,13.2,12.7,11.4,4.1,3.9,10.85,7.048916386382886,27.2,4.1,14.0,19.8834545231892,12.815031750324401,7.0684227728648,72.8,191.73052570961448,98.6848294093604,5.2,2.319505453573683,70.2,85.8,15.0,25.0,31.0,4.0,27.9
2026-07-17 15:25:34,27.9,27.2,12.1,13.8,4.9,4.0,13.15,8.49565248295304,27.9,4.1,0.6999999999999993,23.8917272615946,15.557753250265417,8.333974011329182,72.1,237.02870427438984,5.946956738067122,103.0000000000001,1.736182127222909,70.2,85.8,15.0,25.0,34.0,4.0,26.9
2026-07-17 15:25:37,26.9,27.9,13.2,12.7,4.5,4.3,15.39,8.904736567317897,27.9,4.1,-1.0,25.3958636307973,17.619979932035342,7.775883698761959,73.1,239.53741366085143,-8.904736567317897,1461.9999999999998,1.2925705227759259,70.2,85.8,15.0,25.0,37.0,4.0,26.6
2026-07-17 15:25:40,26.6,26.9,27.2,12.1,4.1,4.6,17.64,8.571425396824536,27.9,4.6,-0.29999999999999716,25.99793181539865,19.25271085348346,6.745220961915191,73.4,227.99991555553265,-2.5714276190473364,1468.0,1.0453337204940758,70.2,85.8,15.0,25.0,40.0,4.0,26.5
2026-07-17 15:25:43,26.5,26.6,27.9,13.2,4.6,4.1,19.830000000000002,7.613737584130112,27.9,11.4,-0.10000000000000142,26.248965907699326,20.570399789213738,5.678566118485588,73.5,201.76404597944796,-0.761373758413022,1470.0,0.8760480547560219,70.2,85.8,15.0,25.0,43.0,4.0,45.2
2026-07-17 15:25:46,45.2,26.5,26.9,27.2,11.4,0.2,23.21,10.435244766335334,45.2,12.1,18.700000000000003,35.724482953849666,25.048508918447602,10.675974035402064,54.8,471.67306343835713,195.13907713047078,2.930481283422459,2.1072816682691466,70.4,85.8,15.0,25.0,46.0,4.0,46.8
2026-07-17 15:25:49,46.8,45.2,26.6,27.9,13.8,0.7,26.51,12.197855002690535,46.8,12.1,1.5999999999999943,41.26224147692483,29.003325478729852,12.258915998194976,53.2,570.859614125917,19.516568004304787,33.25000000000012,1.6634072134424078,70.4,85.8,15.0,25.0,49.0,4.0,46.1
2026-07-17 15:25:52,46.1,46.8,26.5,26.9,12.7,0.2,29.85,12.563549569201127,46.8,12.1,-0.6999999999999957,43.68112073846241,32.111811755324425,11.569308983137987,53.9,579.179635140172,-8.794484698440735,1078.0,1.2934242755595131,70.2,85.8,15.0,25.0,52.0,4.0,45.4
2026-07-17 15:25:55,45.4,46.1,45.2,26.6,12.1,0.0,33.17999999999999,11.720997303035864,46.8,13.2,-0.7000000000000028,44.5405603692312,34.52784598162907,10.01271438760213,54.6,532.1332775578281,-8.204698112125138,1092.0,1.0425733991795132,70.2,85.8,15.0,25.0,55.0,4.0,40.7
2026-07-17 15:25:58,40.7,45.4,46.8,26.5,13.2,0.8,35.93,9.534504590054702,46.8,26.5,-4.699999999999996,42.6202801846156,35.650055803151055,6.970224381464547,59.3,388.0543368152264,-44.81217157325706,1185.9999999999998,0.5002881853951299,70.5,85.8,15.0,25.0,58.0,4.0,61.9
2026-07-17 15:26:01,61.9,40.7,46.1,45.2,27.2,4.1,39.4,11.999907407050038,61.9,26.5,21.199999999999996,52.2601400923078,40.422772929850865,11.837367162456935,38.1,742.7942684963973,254.39803702946077,1.797169811320755,1.875014467760066,70.4,85.8,15.0,26.0,1.0,4.0,62.6
2026-07-17 15:26:04,62.6,61.9,45.4,46.8,27.9,4.9,42.870000000000005,13.256281529901093,62.6,26.5,0.7000000000000028,57.4300700461539,44.45499603351434,12.97507401263956,37.4,829.8432237718084,9.279397070930804,53.42857142857121,1.4883510097078638,69.9,85.8,15.0,26.0,4.0,4.0,62.3
2026-07-17 15:26:07,62.3,62.6,40.7,46.1,26.9,4.5,46.410000000000004,13.244407624855496,62.6,26.5,-0.30000000000000426,59.86503502307695,47.699542209239006,12.165492813837943,37.7,825.1265950284974,-3.973322287456705,754.0,1.1997516574602831,70.0,85.8,15.0,26.0,7.0,4.0,62.3
2026-07-17 15:26:10,62.3,62.3,61.9,45.4,26.6,4.1,49.98,12.070791191964068,62.6,26.5,0.0,61.08251751153847,50.354170898468276,10.728346613070194,37.7,752.0102912593613,0.0,754.0,1.0206456067438097,70.0,85.8,15.0,26.0,10.0,4.0,61.8
2026-07-17 15:26:13,61.8,62.3,62.6,40.7,26.5,4.6,53.50999999999999,9.280379542046866,62.6,40.7,-0.5,61.44125875576923,52.4352307351104,9.006028020658832,38.2,573.5274556984963,-4.640189771023433,764.0,0.8932824312238825,70.0,85.8,15.0,26.0,13.0,4.0,76.4
2026-07-17 15:26:16,76.4,61.8,62.3,61.9,45.2,11.4,56.629999999999995,11.218442157645697,76.4,40.7,14.600000000000009,68.92062937788462,56.79246151054487,12.128167867339755,23.599999999999994,857.0889808441314,163.78925550162728,1.6164383561643823,1.7622767691079262,70.1,85.8,15.0,26.0,16.0,4.0,77.9
2026-07-17 15:26:19,77.9,76.4,62.3,62.6,46.8,13.8,59.74000000000001,12.435361764830978,77.9,40.7,1.5,73.41031468894232,60.63019578135489,12.780118907587429,22.099999999999994,968.7146814803332,18.653042647246465,14.733333333333329,1.4603515638249571,70.1,85.8,15.0,26.0,19.0,4.0,74.8
2026-07-17 15:26:22,74.8,77.9,61.8,62.3,46.1,12.7,62.61,12.248033855820758,77.9,40.7,-3.1000000000000085,74.10515734447117,63.20652382110855,10.89863352336262,25.200000000000003,916.1529324153927,-37.96890495304445,504.00000000000006,0.9952617818905538,70.1,85.8,15.0,26.0,22.0,4.0,77.0
2026-07-17 15:26:25,77.0,74.8,76.4,62.3,45.4,12.1,65.77000000000001,11.358604178722281,77.9,40.7,2.200000000000003,75.55257867223558,65.714428580907,9.838150091328586,23.0,874.6125217616157,24.98892919318905,10.45454545454544,0.9886778184450514,70.1,85.8,15.0,26.0,25.0,4.0,76.5
2026-07-17 15:26:28,76.5,77.0,77.9,61.8,40.7,13.2,69.35,7.5984282000364916,77.9,61.8,-0.5,76.0262893361178,67.67544156619662,8.350847769921174,23.5,581.2797573027916,-3.7992141000182458,470.0,0.9409840840459173,70.1,85.8,15.0,26.0,28.0,4.0,91.0
2026-07-17 15:26:31,91.0,76.5,74.8,76.4,61.9,27.2,72.26,9.707751770850107,91.0,61.8,14.5,83.5131446680589,71.9162703723427,11.596874295716205,9.0,883.4054111473598,140.76240067732655,0.6206896551724138,1.9304160677317086,70.2,85.8,15.0,26.0,31.0,4.0,89.4
2026-07-17 15:26:34,89.4,91.0,77.0,77.9,62.6,27.9,74.94,10.417954587047161,91.0,61.8,-1.5999999999999943,86.45657233402946,75.09513030464402,11.361442029385444,10.599999999999994,931.3651400820163,-16.6687273392754,211.9999999999999,1.3879883886207758,70.2,85.8,15.0,26.0,34.0,4.0,90.2
2026-07-17 15:26:37,90.2,89.4,76.5,74.8,62.3,26.9,77.73,10.39263093628256,91.0,61.8,0.7999999999999972,88.32828616701474,77.84147024925419,10.486815917760552,9.799999999999997,937.4153104526869,8.314104749026018,12.25000000000004,1.1998886592292013,70.2,85.8,15.0,26.0,37.0,4.0,90.1
2026-07-17 15:26:40,90.1,90.2,91.0,77.0,62.3,26.6,80.50999999999999,9.485128711128093,91.0,61.8,-0.10000000000000853,89.21414308350737,80.07029384029887,9.143849243208493,9.900000000000006,854.6100968726411,-0.9485128711128902,198.0000000000001,1.0110563907001993,70.2,85.8,15.0,26.0,40.0,4.0,90.3
2026-07-17 15:26:43,90.3,90.1,89.4,76.5,61.8,26.5,83.36,7.2592010579677515,91.0,74.8,0.20000000000000284,89.75707154175367,81.93024041478999,7.8268311269636826,9.700000000000003,655.505855534488,1.451840211593571,48.499999999999325,0.9560280731420993,70.2,85.8,15.0,26.0,43.0,4.0,95.15
2026-07-17 15:26:46,95.15,90.3,90.2,91.0,76.4,45.2,85.235,7.671522013264408,95.15,74.8,4.8500000000000085,92.45353577087684,84.33383306664635,8.119702704230491,4.849999999999994,729.9453195621085,37.206881764332444,0.9999999999999971,1.2924423579644984,70.25,85.8,15.0,26.0,46.0,4.0,100.0
2026-07-17 15:26:49,100.0,95.15,90.1,89.4,77.9,46.8,87.44500000000001,8.465828370573115,100.0,74.8,4.849999999999994,96.22676788543842,87.18222705452884,9.044540830909582,0.0,846.5828370573115,41.059267597279565,0.0,1.4830208516440844,70.3,85.8,15.0,26.0,49.0,4.0,100.0
2026-07-17 15:26:52,100.0,100.0,90.3,90.2,74.8,46.1,89.965,8.022608677980056,100.0,76.5,0.0,98.11338394271921,89.51273122643269,8.600652716286518,0.0,802.2608677980056,0.0,0.0,1.2508400200976304,70.3,85.8,15.0,26.0,52.0,4.0,100.0
2026-07-17 15:26:55,100.0,100.0,95.15,90.1,77.0,45.4,92.265,7.141196989612144,100.0,76.5,0.0,99.05669197135961,91.4195073670813,7.637184604278318,0.0,714.1196989612145,0.0,0.0,1.0831517477044288,70.3,85.8,15.0,26.0,55.0,4.0,100.0
2026-07-17 15:26:58,100.0,100.0,100.0,90.3,76.5,40.7,94.615,4.888083582664317,100.0,89.4,0.0,99.5283459856798,92.97959693670288,6.54874904897693,0.0,488.8083582664317,0.0,0.0,1.1016587398582978,70.5,85.8,15.0,26.0,58.0,4.0,91.7
2026-07-17 15:27:01,91.7,100.0,100.0,95.15,91.0,61.9,94.685,4.835289833896112,100.0,89.4,-8.299999999999997,95.61417299283991,92.74694294821144,2.867230044628471,8.299999999999997,443.39607776827347,-40.13290562133771,165.99999999999994,-0.6173363133425216,71.5,85.8,15.0,27.0,1.0,4.0,95.0
2026-07-17 15:27:04,95.0,91.7,100.0,100.0,89.4,62.6,95.245,4.465326291424878,100.0,90.1,3.299999999999997,95.30708649641996,93.15658968490027,2.1504968115196874,5.0,424.2059976853634,14.735576761702085,1.5151515151515165,-0.054867211041329175,71.7,85.8,15.0,27.0,4.0,4.0,97.4
2026-07-17 15:27:07,97.4,95.0,100.0,100.0,90.2,62.3,95.965,4.129302470017222,100.0,90.1,2.4000000000000057,96.35354324820997,93.92811883310023,2.4254244151097453,2.5999999999999943,402.1940605796774,9.910325928041356,1.0833333333333284,0.34751632035180446,72.3,85.8,15.0,27.0,7.0,4.0,60.35
2026-07-17 15:27:10,60.35,97.4,91.7,100.0,90.1,62.3,92.99,12.013806871910196,100.0,60.35,-37.050000000000004,78.35177162410498,87.82300631799109,-9.471234693886103,39.65,725.0332447197803,-445.1115446042728,792.9999999999999,-2.716874039012268,73.19999999999999,85.8,15.0,27.0,10.0,4.0,23.3
2026-07-17 15:27:13,23.3,60.35,95.0,100.0,90.3,61.8,86.28999999999999,25.165108119510773,100.0,23.3,-37.05,50.82588581205249,76.09155062381089,-25.2656648117584,76.7,586.347019184601,-932.367255827874,1534.0,-2.503068919905144,74.1,85.8,15.0,27.0,13.0,4.0,69.7
2026-07-17 15:27:16,69.7,23.3,97.4,91.7,95.15,76.4,83.745,25.4547577958315,100.0,23.3,46.400000000000006,60.26294290602625,74.92945051039072,-14.666507604364476,30.299999999999997,1774.1966183694558,1181.1007617265818,0.6530172413793102,-0.5517632543453242,74.6,85.8,15.0,27.0,16.0,4.0,81.5
2026-07-17 15:27:19,81.5,69.7,60.35,95.0,100.0,77.9,81.89500000000001,24.806119876621842,100.0,23.3,11.799999999999997,70.88147145301312,76.12409587213786,-5.242624419124738,18.5,2021.6987699446802,292.7122145441377,1.567796610169492,-0.015923489927671924,72.4,85.8,15.0,27.0,19.0,4.0,72.4
2026-07-17 15:27:22,72.4,81.5,23.3,97.4,100.0,74.8,79.135,24.093060895895583,100.0,23.3,-9.099999999999994,71.64073572650656,75.44698753174916,-3.8062518052425958,27.599999999999994,1744.3376088628404,-219.24685415264966,551.9999999999999,-0.2795410690696985,71.1,85.8,15.0,27.0,22.0,4.0,81.1
2026-07-17 15:27:25,81.1,72.4,69.7,60.35,100.0,77.0,77.245,22.99051072362971,100.0,23.3,8.699999999999989,76.37036786325328,76.47480798052203,-0.10444011726875146,18.900000000000006,1864.5304196863694,200.01744329557823,2.172413793103452,0.16767787572625822,70.6,85.8,15.0,27.0,25.0,4.0,76.2
2026-07-17 15:27:28,76.2,81.1,81.5,23.3,100.0,76.5,74.86500000000001,21.560587113218087,97.4,23.3,-4.8999999999999915,76.28518393162665,76.42484289315439,-0.13965896152774349,23.799999999999997,1642.9167380272183,-105.64687685476845,475.99999999999994,0.06191853649391343,70.1,85.8,15.0,27.0,28.0,4.0,57.2
2026-07-17 15:27:31,57.2,76.2,72.4,69.7,91.7,91.0,71.41499999999999,21.326405776251473,97.4,23.3,-19.0,66.74259196581332,72.92941691258086,-6.186824946767544,42.8,1219.8704104015844,-405.201709748778,855.9999999999999,-0.6665445715109407,70.1,85.8,15.0,27.0,31.0,4.0,62.5
2026-07-17 15:27:34,62.5,57.2,81.1,81.5,95.0,89.4,68.16499999999999,19.751062559321227,97.4,23.3,5.299999999999997,64.62129598290666,71.0331592921116,-6.411863309204946,37.5,1234.4414099575768,104.68063156440245,7.075471698113211,-0.28682001198596163,69.8,85.8,15.0,27.0,34.0,4.0,60.9
2026-07-17 15:27:37,60.9,62.5,76.2,72.4,97.4,90.2,64.515,16.917480276001125,81.5,23.3,-1.6000000000000014,62.760647991453325,69.19076669354585,-6.430118702092528,39.1,1030.2745488084686,-27.067968441601824,782.0,-0.21368430410574704,69.5,85.8,15.0,27.0,37.0,4.0,63.3
2026-07-17 15:27:40,63.3,60.9,57.2,81.1,60.35,90.1,64.81,16.862413824835347,81.5,23.3,2.3999999999999986,63.03032399572666,68.11971820381024,-5.089394208083576,36.7,1067.3907951120775,40.46979317960481,15.291666666666677,-0.0895482708279904,69.5,85.8,15.0,27.0,40.0,4.0,56.4
2026-07-17 15:27:43,56.4,63.3,62.5,76.2,23.3,90.3,68.12,9.411317064517979,81.5,56.4,-6.899999999999999,59.71516199786333,65.988860348572,-6.2736983507086705,43.6,530.798282438814,-64.93808774517404,872.0,-1.2453092292667616,69.5,85.8,15.0,27.0,43.0,4.0,42.6
2026-07-17 15:27:46,42.6,56.4,60.9,57.2,69.7,95.15,65.41,12.349039548797956,81.5,42.6,-13.799999999999997,51.157580998931664,61.73634028519527,-10.578759286263605,57.4,526.0690847787929,-170.41674577341175,1148.0,-1.8471072110397686,69.4,85.8,15.0,27.0,46.0,4.0,45.3
2026-07-17 15:27:49,45.3,42.6,63.3,62.5,81.5,100.0,61.79,12.41401090166529,81.1,42.6,2.6999999999999957,48.22879049946583,58.74791477879612,-10.519124279330292,54.7,562.3546938454376,33.51782943449623,20.25925925925929,-1.3283378056151003,69.3,85.8,15.0,27.0,49.0,4.0,45.4
2026-07-17 15:27:52,45.4,45.3,56.4,60.9,72.4,100.0,59.089999999999996,12.780753759722641,81.1,42.6,0.10000000000000142,46.81439524973291,56.321021182651364,-9.506625932918453,54.6,580.2462206914079,1.2780753759722823,545.9999999999923,-1.0711418322714863,69.2,85.8,15.0,27.0,52.0,4.0,42.8
2026-07-17 15:27:55,42.8,45.4,42.6,63.3,81.1,100.0,55.260000000000005,11.077324185520101,76.2,42.6,-2.6000000000000014,44.807197624866454,53.862653694896565,-9.055456070030111,57.2,474.1094751402603,-28.80104288235228,1144.0,-1.1248203800234802,68.5,85.8,15.0,27.0,55.0,4.0,41.3
2026-07-17 15:27:58,41.3,42.8,45.3,56.4,76.2,100.0,51.77,9.061279036525416,63.3,41.3,-1.5,43.05359881243322,51.578534841279,-8.52493602884578,58.7,374.23082420849966,-13.591918554788124,1174.0,-1.155466017302428,68.7,85.8,15.0,27.0,58.0,4.0,24.0
2026-07-17 15:28:01,24.0,41.3,45.4,42.6,57.2,91.7,48.45,12.339750582748477,63.3,24.0,-17.299999999999997,33.52679940621661,46.564255779228276,-13.037456373011665,76.0,296.15401398596345,-213.47768508154863,1520.0,-1.9814014745307895,68.3,85.7,15.0,28.0,1.0,4.0,27.4
2026-07-17 15:28:04,27.4,24.0,42.8,45.3,62.5,95.0,44.94,12.879458235672846,63.3,24.0,3.3999999999999986,30.463399703108305,43.079845637550406,-12.616445934442101,72.6,352.897155657436,43.79015800128766,21.352941176470594,-1.3618585253391038,68.3,85.7,15.0,28.0,4.0,4.0,25.8
2026-07-17 15:28:07,25.8,27.4,41.3,45.4,60.9,97.4,41.42999999999999,12.829397664911662,63.3,24.0,-1.5999999999999979,28.131699851554153,39.93805552163215,-11.806355670077998,74.2,330.9984597547209,-20.527036263858633,1484.0,-1.2182956993178224,68.3,85.7,15.0,28.0,7.0,4.0,26.6
2026-07-17 15:28:10,26.6,25.8,24.0,42.8,63.3,60.35,37.760000000000005,10.996383243796137,56.4,24.0,0.8000000000000007,27.365849925777077,37.51295451769903,-10.147104591921952,73.4,292.50379428497723,8.797106595036917,91.74999999999993,-1.0148791427668888,68.3,85.7,15.0,28.0,10.0,4.0,27.4
2026-07-17 15:28:13,27.4,26.6,27.4,41.3,56.4,23.3,34.86,9.213902539097955,45.4,24.0,0.7999999999999972,27.382924962888538,35.67423551448102,-8.291310551592481,72.6,252.46092957128394,7.371122031278338,90.75000000000031,-0.8096460721550391,68.3,85.7,15.0,28.0,13.0,4.0,26.9
2026-07-17 15:28:16,26.9,27.4,25.8,24.0,42.6,69.7,33.290000000000006,9.085207757668261,45.4,24.0,-0.5,27.141462481444268,34.078919966393556,-6.937457484949288,73.1,244.39208868127622,-4.5426038788341305,1461.9999999999998,-0.7033410980179957,68.3,85.7,15.0,28.0,16.0,4.0,12.9
2026-07-17 15:28:19,12.9,26.9,26.6,27.4,45.3,81.5,30.05,10.052114205479127,45.4,12.9,-13.999999999999998,20.020731240722135,30.22820724523109,-10.207476004508955,87.1,129.67227325068075,-140.72959887670774,1741.9999999999998,-1.7061087498042962,68.1,85.7,15.0,28.0,19.0,4.0,11.6
2026-07-17 15:28:22,11.6,12.9,27.4,25.8,45.4,72.4,26.669999999999998,9.999672216849879,42.8,11.6,-1.3000000000000007,15.810365620361068,26.84126047337089,-11.030894853009823,88.4,115.99619771545859,-12.99957388190485,1768.0,-1.507049398539924,68.1,85.7,15.0,28.0,22.0,4.0,12.4
2026-07-17 15:28:25,12.4,11.6,26.9,26.6,42.8,81.1,23.63,9.134677516657497,41.3,11.6,0.8000000000000007,14.105182810180533,24.215576750939817,-10.110393940759284,87.6,113.27000120655296,7.3077420133260045,109.4999999999999,-1.229381111650804,68.1,85.7,15.0,28.0,25.0,4.0,12.7
2026-07-17 15:28:28,12.7,12.4,12.9,27.4,41.3,76.2,20.77,7.275690116178743,27.4,11.6,0.29999999999999893,13.402591405090266,22.121835523496213,-8.719244118405946,87.3,92.40126447547003,2.1827070348536153,291.000000000001,-1.1091731328764227,68.1,85.7,15.0,28.0,28.0,4.0,11.1
2026-07-17 15:28:31,11.1,12.7,11.6,26.9,24.0,57.2,19.48,7.766423458280367,27.4,11.1,-1.5999999999999996,12.251295702545132,20.11786542831508,-7.866569725769949,88.9,86.20730038691207,-12.426277533248584,1778.0,-1.0790037454197083,68.1,85.7,15.0,28.0,31.0,4.0,4.3
2026-07-17 15:28:34,4.3,11.1,12.4,12.9,27.4,62.5,17.169999999999998,8.54531060484798,27.4,4.3,-6.8,8.275647851272566,17.241889895894154,-8.966242044621588,95.7,36.744835600846315,-58.10811211296627,1914.0,-1.5060891985246863,68.0,85.7,15.0,28.0,34.0,4.0,3.8
2026-07-17 15:28:37,3.8,4.3,12.7,11.6,25.8,60.9,14.970000000000002,8.901192179827149,27.4,3.8,-0.5,6.037823925636284,14.797909914822489,-8.760085989186205,96.2,33.824530283343165,-4.450596089913574,1924.0,-1.2548880840158325,68.0,85.7,15.0,28.0,37.0,4.0,3.9
2026-07-17 15:28:40,3.9,3.8,11.1,12.4,26.6,63.3,12.7,8.490779312485213,27.4,3.8,0.10000000000000009,4.968911962818142,12.816471748491127,-7.847559785672985,96.1,33.11403931869233,0.849077931248522,960.9999999999991,-1.0364184106234036,68.0,85.7,15.0,28.0,40.0,4.0,4.5
2026-07-17 15:28:43,4.5,3.9,4.3,12.7,27.4,56.4,10.41,7.051784644092583,26.9,3.8,0.6000000000000001,4.734455981409071,11.304385976038194,-6.569929994629123,95.5,31.733030898416626,4.23107078645555,159.16666666666666,-0.838085718478502,68.0,85.7,15.0,28.0,43.0,4.0,3.3
2026-07-17 15:28:46,3.3,4.5,3.8,11.1,26.9,42.6,8.05,4.3523301549596205,12.9,3.3,-1.2000000000000002,4.017227990704535,9.849043071303976,-5.831815080599441,96.7,14.362689511366748,-5.2227961859515455,1934.0,-1.0913694115294132,68.0,85.7,15.0,28.0,46.0,4.0,0.5
2026-07-17 15:28:49,0.5,3.3,3.9,4.3,12.9,45.3,6.81,4.5775903413615175,12.7,0.5,-2.8,2.2586139953522677,8.149217058339618,-5.89060306298735,99.5,2.2887951706807588,-12.817252955812249,1990.0,-1.3784544988626504,68.0,85.7,15.0,28.0,49.0,4.0,0.2
2026-07-17 15:28:52,0.2,0.5,4.5,3.8,11.6,45.4,5.67,4.6707244263239796,12.7,0.2,-0.3,1.229306997676134,6.703904865914232,-5.4745978682380985,99.8,0.934144885264796,-1.4012173278971938,1995.9999999999998,-1.1711245410179503,68.0,85.7,15.0,28.0,52.0,4.0,0.1
2026-07-17 15:28:55,0.1,0.2,3.3,3.9,12.4,42.8,4.4399999999999995,4.306893698865345,12.7,0.1,-0.1,0.664653498838067,5.503194890293463,-4.838541391455395,99.9,0.4306893698865345,-0.4306893698865345,1998.0,-1.0076868164039843,68.0,85.7,15.0,28.0,55.0,4.0,0.2
2026-07-17 15:28:58,0.2,0.1,0.5,4.5,12.7,41.3,3.1900000000000004,3.351102637771848,11.1,0.1,0.1,0.4323267494190335,4.538977637512833,-4.1066508880937995,99.8,0.6702205275543696,0.3351102637771848,997.9999999999999,-0.8922436353629726,68.0,85.7,15.0,28.0,58.0,4.0,0.9
2026-07-17 15:29:01,0.9,0.2,0.2,3.3,11.1,24.0,2.17,1.92472220217568,4.5,0.1,0.7,0.6661633747095168,3.8773453397832265,-3.2111819650737097,99.1,1.732249981958112,1.347305541522976,141.57142857142858,-0.6598354809667645,68.0,85.7,15.0,29.0,1.0,4.0,3.8
2026-07-17 15:29:04,3.8,0.9,0.1,0.5,4.3,27.4,2.12,1.868927202670379,4.5,0.1,2.9,2.2330816873547583,3.8632825507317303,-1.630200863376972,96.2,7.10192337014744,5.419888887744099,33.17241379310345,0.8989114169880804,68.0,85.7,15.0,29.0,4.0,4.0,4.3
2026-07-17 15:29:07,4.3,3.8,0.2,0.2,3.8,25.8,2.1699999999999995,1.92472220217568,4.5,0.1,0.5,3.266540843677379,3.942685723325961,-0.6761448796485818,95.7,8.276305469355425,0.96236110108784,191.4,1.1066532082355973,68.0,85.7,15.0,29.0,7.0,4.0,3.0
2026-07-17 15:29:10,3.0,4.3,0.9,0.1,3.9,26.6,2.0799999999999996,1.8546038810344354,4.5,0.1,-1.2999999999999998,3.1332704218386898,3.771288319084877,-0.6380178972461872,97.0,5.563811643103306,-2.410985045344766,1940.0,0.4960628031722092,68.0,85.7,15.0,29.0,10.0,4.0,2.8
2026-07-17 15:29:13,2.8,3.0,3.8,0.2,4.5,27.4,1.9099999999999997,1.67759748847146,4.3,0.1,-0.20000000000000018,2.966635210919345,3.594690442887626,-0.6280552319682813,97.2,4.697272967720088,-0.3355194976942923,1944.0,0.5305205844167793,68.0,85.7,15.0,29.0,13.0,4.0,3.7
2026-07-17 15:29:16,3.7,2.8,4.3,0.9,3.3,26.9,1.95,1.7186881301973636,4.3,0.1,0.9000000000000004,3.3333176054596727,3.613837635089876,-0.2805200296302033,96.3,6.359146081730246,1.5468193171776279,106.99999999999996,1.0182184709677613,68.0,85.7,15.0,29.0,16.0,4.0,12.4
2026-07-17 15:29:19,12.4,3.7,3.0,3.8,0.5,12.9,3.1399999999999997,3.644234411290935,12.4,0.1,8.7,7.8666588027298365,5.211321701437171,2.655337101292665,87.6,45.18850670000759,31.70483937823113,10.068965517241379,2.5410000990358177,68.1,85.7,15.0,29.0,19.0,4.0,14.3
2026-07-17 15:29:22,14.3,12.4,2.8,4.3,0.2,11.6,4.55,4.893816960659351,14.3,0.1,1.9000000000000004,11.083329401364919,6.863808664812231,4.219520736552688,85.7,69.98158253742872,9.298252225252769,45.10526315789473,1.9923099041870107,68.1,85.7,15.0,29.0,22.0,4.0,14.1
2026-07-17 15:29:25,14.1,14.3,3.7,3.0,0.1,12.4,5.95,5.450229352971564,14.3,0.2,-0.20000000000000107,12.59166470068246,8.179479816664552,4.412184884017908,85.9,76.84823387689906,-1.0900458705943186,1718.0,1.4953499150556793,68.1,85.7,15.0,29.0,25.0,4.0,13.3
2026-07-17 15:29:28,13.3,14.1,12.4,2.8,0.2,12.7,7.260000000000001,5.488816913607529,14.3,0.9,-0.7999999999999989,12.945832350341231,9.110483486361906,3.835348863979325,86.7,73.00126495098014,-4.391053530886017,1734.0,1.100419287993741,68.1,85.7,15.0,29.0,28.0,4.0,13.6
2026-07-17 15:29:31,13.6,13.3,14.3,3.7,0.9,11.1,8.53,5.320411429369996,14.3,2.8,0.29999999999999893,13.272916175170614,9.926759216114286,3.3461569590563283,86.4,72.35759543943193,1.596123428810993,288.000000000001,0.9529338223755287,68.1,85.7,15.0,29.0,31.0,4.0,26.7
2026-07-17 15:29:34,26.7,13.6,14.1,12.4,3.8,4.3,10.82,7.528434985661141,26.7,2.8,13.1,19.986458087585305,12.97643935863896,7.010018728946346,73.3,201.00921411715245,98.62249831216094,5.595419847328245,2.1093361409436984,68.3,85.7,15.0,29.0,34.0,4.0,26.5
2026-07-17 15:29:37,26.5,26.7,13.3,14.3,4.3,3.8,13.040000000000001,8.590459824712154,26.7,2.8,-0.1999999999999993,23.243229043792653,15.435268566159149,7.807960477633504,73.5,227.64718535487208,-1.7180919649424247,1470.0,1.5668544262647794,68.3,85.7,15.0,29.0,37.0,4.0,25.3
2026-07-17 15:29:40,25.3,26.5,13.6,14.1,3.0,3.9,15.27,8.58901753533057,26.7,2.8,-1.1999999999999993,24.271614521896325,17.228856099584757,7.042758422311568,74.7,217.30214364386342,-10.306821042396678,1494.0,1.1677703484411355,68.3,85.7,15.0,29.0,40.0,4.0,25.5
2026-07-17 15:29:43,25.5,25.3,26.7,13.3,2.8,4.5,17.54,7.899113874352871,26.7,3.7,0.1999999999999993,24.885807260948162,18.7327004451148,6.153106815833361,74.5,201.4274037959982,1.5798227748705687,372.5000000000013,1.0077079690982575,68.3,85.7,15.0,29.0,43.0,4.0,20.5
2026-07-17 15:29:46,20.5,25.5,26.5,13.6,3.7,3.3,19.22,6.241046920722584,26.7,12.4,-5.0,22.69290363047408,19.05402763691211,3.638875993561971,79.5,127.94146187481297,-31.205234603612922,1590.0,0.20509379536146854,68.4,85.7,15.0,29.0,46.0,4.0,40.6
2026-07-17 15:29:49,40.6,20.5,25.3,26.7,12.4,0.5,22.04,8.702643276613978,40.6,13.3,20.1,31.646451815237043,22.971477157473544,8.6749746577635,59.4,353.3273170305275,174.92312985994099,2.9552238805970146,2.1326853704178625,68.6,85.7,15.0,29.0,49.0,4.0,41.5
2026-07-17 15:29:52,41.5,40.6,25.5,26.5,14.3,0.2,24.76,10.145738021454857,41.5,13.3,0.8999999999999986,36.57322590761852,26.340299492478355,10.232926415140167,58.5,421.0481278903766,9.131164219309357,65.0000000000001,1.6499538983364712,68.6,85.7,15.0,29.0,52.0,4.0,43.0
2026-07-17 15:29:55,43.0,41.5,20.5,25.3,14.1,0.1,27.65,10.862601489104998,43.0,13.3,1.5,39.78661295380926,29.36933594839138,10.41727700541788,57.0,467.0918640315149,16.293902233657498,38.0,1.413105324299689,68.5,85.7,15.0,29.0,55.0,4.0,43.3
2026-07-17 15:29:58,43.3,43.0,40.6,25.5,13.3,0.2,30.65,10.598558602208122,43.3,13.6,0.29999999999999716,41.54330647690463,31.902183957774763,9.641122519129869,56.7,458.91758747561164,3.1795675806624066,189.0000000000018,1.1935585276062421,68.5,85.7,15.0,29.0,58.0,4.0,44.1
2026-07-17 15:30:01,44.1,43.3,41.5,20.5,13.6,0.9,33.7,9.475934430615746,44.1,20.5,0.8000000000000043,42.82165323845231,34.11996869272481,8.701684545727502,55.9,417.8887083901544,7.580747544492637,69.87499999999963,1.0975170919712882,68.5,85.7,15.0,30.0,1.0,4.0,59.9
2026-07-17 15:30:04,59.9,44.1,43.0,40.6,26.7,3.8,37.02,12.180841058354092,59.9,20.5,15.799999999999997,51.36082661922616,38.80724711222939,12.553579506996769,40.1,729.6323793954101,192.45728872199462,2.5379746835443044,1.8783596215064318,68.7,85.7,15.0,30.0,4.0,4.0,64.9
2026-07-17 15:30:07,64.9,59.9,43.3,41.5,26.5,4.3,40.86,14.354728218333449,64.9,20.5,5.000000000000007,58.13041330961308,43.55138400091495,14.579029308698132,35.099999999999994,931.6218613698409,71.77364109166734,7.019999999999989,1.674709519703536,68.7,85.7,15.0,30.0,7.0,4.0,63.8
2026-07-17 15:30:10,63.8,64.9,44.1,43.0,25.3,3.0,44.71,14.871408063050874,64.9,20.5,-1.1000000000000085,60.965206654806536,47.23295054620314,13.732256108603394,36.2,948.7958344226457,-16.35854886935609,724.0,1.2836713187522928,68.7,85.7,15.0,30.0,10.0,4.0,62.3
2026-07-17 15:30:13,62.3,63.8,59.9,43.3,25.5,2.8,48.39,14.12401028981018,64.9,20.5,-1.5,61.63260332740327,49.972414083257114,11.660189244146153,37.7,879.9258410551741,-21.18601543471527,754.0,0.9848477673536827,68.7,85.7,15.0,30.0,13.0,4.0,65.4
2026-07-17 15:30:16,65.4,62.3,64.9,44.1,20.5,3.7,52.879999999999995,11.08189715005703,65.4,40.6,3.1000000000000085,63.51630166370164,52.77742970448309,10.73887195921855,34.599999999999994,724.7560736137298,34.35388116517689,11.161290322580612,1.129770456309963,68.7,85.7,15.0,30.0,16.0,4.0,74.0
2026-07-17 15:30:19,74.0,65.4,63.8,59.9,40.6,12.4,56.220000000000006,11.96743730109139,74.0,41.5,8.599999999999994,68.75815083185083,56.636078849122526,12.1220719827283,26.0,885.5903602807629,102.91996078938588,3.02325581395349,1.4856981952500823,68.8,85.7,15.0,30.0,19.0,4.0,78.5
2026-07-17 15:30:22,78.5,74.0,62.3,64.9,41.5,14.3,59.92,12.61302677569674,78.5,43.0,4.5,73.62907541592541,60.611337240191155,13.017738175734259,21.5,990.1226018921941,56.75862049063533,4.777777777777778,1.4730801995759375,68.8,85.7,15.0,30.0,22.0,4.0,77.4
2026-07-17 15:30:25,77.4,78.5,65.4,63.8,43.0,14.1,63.36,12.168830857746496,78.5,43.3,-1.0999999999999943,75.51453770796272,63.66382137833821,11.850716329624504,22.599999999999994,941.8675083895788,-13.385713943521075,451.9999999999999,1.1537673720776842,68.8,85.7,15.0,30.0,25.0,4.0,76.6
2026-07-17 15:30:28,76.6,77.4,74.0,62.3,43.3,13.3,66.69000000000001,10.513108219953017,78.5,44.1,-0.8000000000000114,76.05726885398136,66.01585385500398,10.041414998977373,23.400000000000006,805.304089648401,-8.410486575962533,468.0000000000001,0.9426327393064989,68.8,85.7,15.0,30.0,28.0,4.0,77.3
2026-07-17 15:30:31,77.3,76.6,78.5,65.4,44.1,13.6,70.01,7.354280688445617,78.5,59.9,0.7000000000000028,76.67863442699067,68.0675167904578,8.611117636532867,22.700000000000003,568.4858972168462,5.147996481911953,32.4285714285713,0.9912594186748112,68.8,85.7,15.0,30.0,31.0,4.0,84.7
2026-07-17 15:30:34,84.7,77.3,77.4,74.0,59.9,26.7,72.49000000000001,7.737707096492552,84.7,62.3,7.400000000000006,80.68931721349534,71.0916046467382,9.597712566757139,15.299999999999997,655.3837910729192,57.25903251404493,2.0675675675675658,1.5779868438719657,68.9,85.7,15.0,30.0,34.0,4.0,91.7
2026-07-17 15:30:37,91.7,84.7,76.6,78.5,64.9,26.5,75.16999999999999,9.300185183341515,91.7,62.3,7.0,86.19465860674768,74.83858562005852,11.356072986689156,8.299999999999997,852.8269813124169,65.10129628339061,1.1857142857142853,1.777383963236403,68.9,85.7,15.0,30.0,37.0,4.0,91.5
2026-07-17 15:30:40,91.5,91.7,77.3,77.4,63.8,25.3,77.94,9.65576396655277,91.7,62.3,-0.20000000000000284,88.84732930337384,77.8679336891388,10.979395614235045,8.5,883.5024029395785,-1.9311527933105817,170.0,1.404342530220433,68.9,85.7,15.0,30.0,40.0,4.0,91.0
2026-07-17 15:30:43,91.0,91.5,84.7,76.6,62.3,25.5,80.81,8.709439323707066,91.7,65.4,-0.5,89.92366465168692,80.25558210929537,9.668082542391545,9.0,792.5589784573431,-4.354719661853533,180.0,1.169994947006847,68.9,85.7,15.0,30.0,43.0,4.0,90.5
2026-07-17 15:30:46,90.5,91.0,91.7,77.3,65.4,20.5,83.32000000000001,7.273360830990027,91.7,74.0,-0.5,90.21183232584346,82.11820354396893,8.093628781874528,9.5,658.2391552045975,-3.6366804154950136,190.0,0.9871640039371831,68.9,85.7,15.0,30.0,46.0,4.0,93.5
2026-07-17 15:30:49,93.5,90.5,91.5,84.7,74.0,40.6,85.27000000000001,7.109156849522569,93.5,76.6,3.0,91.85591616292173,84.18762108142911,7.668295081492616,6.5,664.7061654303602,21.327470548567707,2.1666666666666665,1.1576618963685819,68.9,85.7,15.0,30.0,49.0,4.0,100.0
2026-07-17 15:30:52,100.0,93.5,91.0,91.7,78.5,41.5,87.42,8.026179387202763,100.0,76.6,6.5,95.92795808146087,87.06259906662382,8.865359014837054,0.0,802.6179387202764,52.17016601681796,0.0,1.5673708987937667,68.9,85.7,15.0,30.0,52.0,4.0,100.0
2026-07-17 15:30:55,100.0,100.0,90.5,91.5,77.4,43.0,89.67999999999999,8.072972741740942,100.0,76.6,0.0,97.96397904073044,89.41485378178312,8.549125258947313,0.0,807.2972741740942,0.0,0.0,1.27833950765632,68.9,85.7,15.0,30.0,55.0,4.0,100.0
2026-07-17 15:30:58,100.0,100.0,93.5,91.0,76.6,43.3,92.02000000000001,7.205059950402403,100.0,77.3,0.0,98.98198952036522,91.33942582145892,7.642563698906301,0.0,720.5059950402404,0.0,0.0,1.107554975938029,68.9,85.7,15.0,30.0,58.0,4.0,100.0
2026-07-17 15:31:01,100.0,100.0,100.0,90.5,77.3,44.1,94.28999999999999,5.402561121049064,100.0,84.7,0.0,99.49099476018262,92.91407567210275,6.576919088079862,0.0,540.2561121049064,0.0,0.0,1.0569061361940217,68.8,85.7,15.0,31.0,1.0,4.0,91.2
2026-07-17 15:31:04,91.2,100.0,100.0,93.5,84.7,59.9,94.94000000000001,4.422719123395565,100.0,90.5,-8.799999999999997,95.3454973800913,92.60242554990225,2.743071830189052,8.799999999999997,403.3519840536755,-38.91992828588096,175.99999999999994,-0.8456336239432283,68.7,85.7,15.0,31.0,4.0,4.0,91.3
2026-07-17 15:31:07,91.3,91.2,100.0,100.0,91.7,64.9,94.9,4.456954615480039,100.0,90.5,0.09999999999999432,93.32274869004564,92.36562090446549,0.9571277855801554,8.700000000000003,406.91995639332754,0.44569546154797857,87.00000000000497,-0.8077264209728257,68.4,85.7,15.0,31.0,7.0,4.0,89.4
2026-07-17 15:31:10,89.4,91.3,100.0,100.0,91.5,63.8,94.69,4.678900630609229,100.0,89.4,-1.8999999999999915,91.36137434502282,91.82641710365357,-0.4650427586307444,10.599999999999994,418.2937163764651,-8.889911198157495,211.9999999999999,-1.1306074690693297,68.3,85.7,15.0,31.0,10.0,4.0,89.9
2026-07-17 15:31:13,89.9,89.4,91.2,100.0,91.0,62.3,94.58000000000001,4.786973063546046,100.0,89.4,0.5,90.63068717251141,91.47615944844382,-0.8454722759324085,10.099999999999994,430.3488784127896,2.393486531773023,20.19999999999999,-0.9776532973705941,68.3,85.7,15.0,31.0,13.0,4.0,89.8
2026-07-17 15:31:16,89.8,89.9,91.3,100.0,90.5,65.4,94.51,4.857857323736678,100.0,89.4,-0.10000000000000853,90.2153435862557,91.1714031850904,-0.9560595988346989,10.200000000000003,436.2355876715536,-0.4857857323737092,204.00000000000006,-0.9695632634136448,68.3,85.7,15.0,31.0,16.0,4.0,77.6
2026-07-17 15:31:19,77.6,89.8,89.4,91.2,93.5,74.0,92.92,7.242129827919991,100.0,77.6,-12.200000000000003,83.90767179312785,88.70387533325578,-4.796203540127934,22.400000000000006,561.9892746465912,-88.3539839006239,448.0000000000001,-2.1153998014421207,68.2,85.7,15.0,31.0,19.0,4.0,78.1
2026-07-17 15:31:22,78.1,77.6,89.9,91.3,100.0,78.5,90.72999999999999,8.121172602798685,100.0,77.6,0.5,81.00383589656391,86.77589799993655,-5.772062103372633,21.900000000000006,634.2635802785773,4.060586301399343,43.80000000000001,-1.5551941348528286,68.2,85.7,15.0,31.0,22.0,4.0,78.3
2026-07-17 15:31:25,78.3,78.1,89.8,89.4,100.0,77.4,88.56,8.266827955416002,100.0,77.6,0.20000000000000284,79.65191794828195,85.23482563631171,-5.5829076880297634,21.700000000000003,647.2926289090728,1.653365591083224,108.49999999999848,-1.2411048173898647,68.2,85.7,15.0,31.0,25.0,4.0,78.3
2026-07-17 15:31:28,78.3,78.3,77.6,89.9,100.0,76.6,86.39,7.762939019612663,100.0,77.6,0.0,78.97595897414098,83.9739482478914,-4.99798927375042,21.700000000000003,607.8381252356714,0.0,434.00000000000006,-1.042131076846158,68.2,85.7,15.0,31.0,28.0,4.0,77.1
2026-07-17 15:31:31,77.1,78.3,78.1,89.8,100.0,77.3,84.1,6.591239977761887,91.3,77.1,-1.2000000000000028,78.03797948707049,82.7241394755475,-4.686159988477016,22.900000000000006,508.1846022854415,-7.909487973314284,458.0000000000001,-1.0620156485907393,68.3,85.7,15.0,31.0,31.0,4.0,69.1
2026-07-17 15:31:34,69.1,77.1,78.3,77.6,91.2,84.7,81.89,7.577371282678255,91.3,69.1,-8.0,73.56898974353524,80.24702320726614,-6.678033463730898,30.900000000000006,523.5963556330674,-60.61897026142604,618.0000000000001,-1.6879204572221151,68.19999999999999,85.7,15.0,31.0,34.0,4.0,61.1
2026-07-17 15:31:37,61.1,69.1,78.3,78.1,91.3,91.7,78.87,9.24494456446337,89.9,61.1,-7.999999999999993,67.33449487176762,76.76574626049047,-9.431251388722856,38.9,564.866112888712,-73.9595565157069,777.9999999999999,-1.9221315905241965,68.1,85.7,15.0,31.0,37.0,4.0,61.9
2026-07-17 15:31:40,61.9,61.1,77.1,78.3,89.4,91.5,76.12,9.835852784583556,89.9,61.1,0.7999999999999972,64.61724743588381,74.06288330403765,-9.445635868153843,38.1,608.8392873657222,7.868682227666818,47.62500000000017,-1.4457312763249202,68.1,85.7,15.0,31.0,40.0,4.0,62.4
2026-07-17 15:31:43,62.4,61.9,69.1,78.3,89.9,91.0,73.36999999999999,9.389243254325041,89.8,61.1,0.5,63.5086237179419,71.9423590669399,-8.433735348997999,37.6,585.8887790698826,4.694621627162521,75.2,-1.1683582694427257,68.1,85.7,15.0,31.0,43.0,4.0,62.5
2026-07-17 15:31:46,62.5,62.4,61.1,77.1,89.8,90.5,70.64,7.937981831394824,78.3,61.1,0.10000000000000142,63.00431185897095,70.22556650931446,-7.221254650343511,37.5,496.12386446217647,0.7937981831394937,374.99999999999466,-1.0254495629866767,68.1,85.7,15.0,31.0,46.0,4.0,63.1
2026-07-17 15:31:49,63.1,62.5,61.9,69.1,77.6,93.5,69.19,7.849196703414134,78.3,61.1,0.6000000000000014,63.05215592948548,68.93000896216637,-5.877853032680889,36.9,495.2843119854319,4.709518022048492,61.49999999999985,-0.7758755742929787,68.1,85.7,15.0,31.0,49.0,4.0,45.4
2026-07-17 15:31:52,45.4,63.1,62.4,61.1,78.1,100.0,65.91999999999999,10.187879508950163,78.3,45.4,-17.700000000000003,54.22607796474274,64.65182551449975,-10.425747549757006,54.6,462.5297297063374,-180.3254673084179,1092.0,-2.0141580965865318,67.9,85.7,15.0,31.0,52.0,4.0,45.5
2026-07-17 15:31:55,45.5,45.4,62.5,61.9,78.3,100.0,62.64,11.006381987031046,78.3,45.4,0.10000000000000142,49.86303898237137,61.169675420954334,-11.306636438582963,54.5,500.7903804099126,1.1006381987031202,544.9999999999923,-1.557278315453368,67.9,85.7,15.0,31.0,55.0,4.0,45.2
2026-07-17 15:31:58,45.2,45.5,63.1,62.4,78.3,100.0,59.330000000000005,10.747718104064731,77.1,45.2,-0.29999999999999716,47.53151949118569,58.2660980716899,-10.734578580504213,54.8,485.79685830372586,-3.224315431219389,1095.9999999999998,-1.3146976747237267,67.9,85.7,15.0,31.0,58.0,4.0,37.2
2026-07-17 15:32:01,37.2,45.2,45.4,62.5,77.1,100.0,55.339999999999996,10.823759872510722,69.1,37.2,-8.0,42.36575974559285,54.435898422291736,-12.070138676698889,62.8,402.6438672573989,-86.59007898008578,1255.9999999999998,-1.6759425757467554,67.9,85.7,15.0,32.0,1.0,4.0,39.9
2026-07-17 15:32:04,39.9,37.2,45.5,63.1,69.1,91.2,52.419999999999995,10.636290080035502,63.1,37.2,2.6999999999999957,41.13287987279642,51.79300780005688,-10.660127927260454,60.1,424.38797419341654,28.71798321609581,22.259259259259295,-1.1771021574054519,67.9,85.7,15.0,32.0,4.0,4.0,21.6
2026-07-17 15:32:07,21.6,39.9,45.2,45.4,61.1,91.3,48.47,13.891168257405486,63.1,21.6,-18.299999999999997,31.366439936398212,46.30337001822835,-14.936930081830138,78.4,300.0492343599585,-254.20837911052035,1568.0,-1.9343225495577305,67.8,85.7,15.0,32.0,7.0,4.0,19.8
2026-07-17 15:32:10,19.8,21.6,37.2,45.5,61.9,89.4,44.26,15.638428451875775,63.1,19.8,-1.8000000000000007,25.583219968199106,41.48457546945956,-15.90135550126045,80.2,309.64088334714035,-28.149171213376405,1604.0,-1.5640957833628164,67.8,85.7,15.0,32.0,10.0,4.0,14.1
2026-07-17 15:32:13,14.1,19.8,39.9,45.2,62.4,89.9,39.43,16.826965792375347,63.1,14.1,-5.700000000000001,19.841609984099552,36.505561747739634,-16.663951763640082,85.9,237.2602176724924,-95.9137050165395,1718.0,-1.505321892998532,67.8,85.7,15.0,32.0,13.0,4.0,21.5
2026-07-17 15:32:16,21.5,14.1,21.6,37.2,62.5,89.8,35.33,15.525895930490968,63.1,14.1,7.4,20.670804992049774,33.77727779360515,-13.106472801555377,78.5,333.8067625055558,114.89162988563317,10.608108108108107,-0.8907698507008258,67.6,85.7,15.0,32.0,16.0,4.0,23.8
2026-07-17 15:32:19,23.8,21.5,19.8,39.9,63.1,77.6,31.400000000000006,12.368418564140228,45.5,14.1,2.3000000000000007,22.23540249602489,31.96322728567694,-9.72782478965205,76.2,294.3683618265374,28.447362697522532,33.13043478260869,-0.6144682087356499,67.7,85.7,15.0,32.0,19.0,4.0,12.2
2026-07-17 15:32:22,12.2,23.8,14.1,21.6,45.4,78.1,28.080000000000002,12.645666802856983,45.5,12.2,-11.600000000000001,17.217701248012446,28.369913233735677,-11.15221198572323,87.8,154.27713499485517,-146.68973491314102,1755.9999999999998,-1.2557661250739502,67.6,85.7,15.0,32.0,22.0,4.0,6.3
2026-07-17 15:32:25,6.3,12.2,21.5,19.8,45.5,78.3,24.16,12.721215874802333,45.2,6.3,-5.8999999999999995,11.758850624006223,24.357201736692822,-12.598351112686599,93.7,80.1436600112547,-75.05517366133375,1874.0,-1.4039538496769293,67.6,85.7,15.0,32.0,25.0,4.0,12.8
2026-07-17 15:32:28,12.8,6.3,23.8,14.1,45.2,78.3,20.92,10.738590844860527,39.9,6.3,6.500000000000001,12.279425312003113,22.2558923300214,-9.976467018018287,87.2,137.45396281421475,69.80084049159343,13.415384615384614,-0.7561513533115214,67.7,85.7,15.0,32.0,28.0,4.0,12.9
2026-07-17 15:32:31,12.9,12.8,12.2,21.5,37.2,77.1,18.490000000000002,9.298082239543909,39.9,6.3,0.09999999999999964,12.589712656001556,20.554820997290236,-7.96510834128868,87.1,119.94526089011643,0.9298082239543876,871.0000000000031,-0.6011992425950196,67.7,85.7,15.0,32.0,31.0,4.0,11.6
2026-07-17 15:32:34,11.6,12.9,6.3,23.8,39.9,69.1,15.66,5.647851115442958,23.8,6.3,-1.3000000000000007,12.094856328000777,18.926671725055645,-6.831815397054868,88.4,65.5150729391383,-7.342206450075849,1768.0,-0.71885747641235,67.7,85.7,15.0,32.0,34.0,4.0,2.3
2026-07-17 15:32:37,2.3,11.6,12.8,12.2,21.6,61.1,13.729999999999999,6.608420554278452,23.8,2.3,-9.3,7.197428164000389,15.903640502318254,-8.706212338317865,97.7,15.199367274840439,-61.45831115478961,1954.0,-1.729611471624629,67.6,85.7,15.0,32.0,37.0,4.0,3.7
2026-07-17 15:32:40,3.7,2.3,12.9,6.3,19.8,61.9,12.12,6.919184280758717,23.8,2.3,1.4000000000000004,5.448714082000194,13.684796774624024,-8.23608269262383,96.3,25.600981838807254,9.686857993062207,68.78571428571426,-1.2169064528913964,67.6,85.7,15.0,32.0,40.0,4.0,4.7
2026-07-17 15:32:43,4.7,3.7,11.6,12.8,14.1,62.4,11.18,7.250869679638323,23.8,2.3,1.0,5.074357041000097,12.051197361056019,-6.976840320055922,95.3,34.07908749430012,7.250869679638323,95.3,-0.8936859006302297,67.5,85.7,15.0,32.0,43.0,4.0,3.9
2026-07-17 15:32:46,3.9,4.7,2.3,12.9,21.5,62.5,9.42,6.5717915703734375,23.8,2.3,-0.8000000000000003,4.4871785205000485,10.56916147722765,-6.081982956727602,96.1,25.629987124456406,-5.257433256298752,1921.9999999999998,-0.8399536018282956,67.5,85.7,15.0,32.0,46.0,4.0,3.4
2026-07-17 15:32:49,3.4,3.9,3.7,11.6,23.8,63.1,7.380000000000001,4.428895021458248,12.9,2.3,-0.5,3.9435892602500244,9.265677572277166,-5.322088312027142,96.6,15.058243072958044,-2.214447510729124,1931.9999999999998,-0.8986440140749948,67.5,85.7,15.0,32.0,49.0,4.0,0.2
2026-07-17 16:00:34,0.6,1.2,0.9,1.4,1.0,0.9,1.8199999999999998,1.6150679380275135,5.3,0.1,-0.6,0.7953479766845704,1.3193965379653871,-0.5240485612808168,99.4,0.9690407628165081,-0.9690407628165081,1988.0,-0.7553861799089324,70.6,85.7,16.0,0.0,34.0,4.0,0.3
2026-07-17 16:00:37,0.3,0.6,0.1,1.8,0.7,0.1,1.78,1.6504544828622203,5.3,0.1,-0.3,0.5476739883422852,1.1340517128807712,-0.586377724538486,99.7,0.4951363448586661,-0.4951363448586661,1994.0,-0.8967226999398263,70.6,85.7,16.0,0.0,37.0,4.0,0.2
