ts,mem_percent_lag_0,mem_percent_lag_1,mem_percent_lag_3,mem_percent_lag_5,mem_percent_lag_10,mem_percent_lag_20,mem_percent_roll_mean,mem_percent_roll_std,mem_percent_roll_max,mem_percent_roll_min,mem_percent_delta,mem_percent_ewma_fast,mem_percent_ewma_slow,mem_percent_trend,mem_percent_headroom,mem_percent_level_x_vol,mem_percent_slope_x_vol,mem_percent_steps_to_saturation,mem_percent_zscore_local,cpu_percent_now,disk_percent_now,hour,minute,second_of_minute,dayofweek,__target__
2026-07-17 15:20:37,70.5,70.6,72.3,72.3,72.4,73.5,71.81,0.8157477823717261,72.4,70.5,-0.09999999999999432,70.78808574676513,71.61813130175412,-0.8300455549889847,29.5,57.510218657206686,-0.08157477823716797,590.0,-1.6058885213163248,3.6,85.8,15.0,20.0,37.0,4.0,70.5
2026-07-17 15:20:40,70.5,70.5,70.8,72.3,72.3,73.5,71.63,0.8907549856410464,72.4,70.5,0.0,70.64404287338257,71.41483470143518,-0.7707918280526087,29.5,62.79822648769377,0.0,590.0,-1.2685867811189095,4.4,85.8,15.0,20.0,40.0,4.0,70.5
2026-07-17 15:20:43,70.5,70.5,70.6,72.3,72.4,74.2,71.44,0.9106774035481834,72.3,70.5,0.0,70.57202143669129,71.24850111935605,-0.6764796826647625,29.5,64.20275695014693,0.0,590.0,-1.0321986647934467,3.9,85.8,15.0,20.0,43.0,4.0,70.5
2026-07-17 15:20:46,70.5,70.5,70.5,70.8,72.3,71.7,71.26,0.8996295533903124,72.3,70.5,0.0,70.53601071834564,71.11241000674585,-0.5763992884002107,29.5,63.42388351401702,0.0,590.0,-0.8447921671046663,0.2,85.8,15.0,20.0,46.0,4.0,70.7
2026-07-17 15:20:49,70.7,70.5,70.5,70.6,72.3,72.2,71.1,0.8339997335464007,72.3,70.5,0.20000000000000284,70.61800535917283,71.0374263691557,-0.41942100998286946,29.299999999999997,58.96378116173053,0.1667999467092825,146.4999999999979,-0.47961646018647913,3.6,85.8,15.0,20.0,49.0,4.0,70.6
2026-07-17 15:20:52,70.6,70.7,70.5,70.5,72.3,72.7,70.92999999999999,0.7288499312081513,72.3,70.5,-0.10000000000000853,70.60900267958641,70.95789430203646,-0.34889162245005423,29.400000000000006,51.45680514329548,-0.07288499312082135,588.0000000000001,-0.4527681020055609,1.4,85.8,15.0,20.0,52.0,4.0,70.7
2026-07-17 15:20:55,70.7,70.6,70.5,70.5,72.3,72.8,70.77000000000001,0.5478239782183777,72.3,70.5,0.10000000000000853,70.6545013397932,70.91100442893892,-0.25650308914572406,29.299999999999997,38.7311552600393,0.05478239782184244,292.999999999975,-0.1277782696326291,0.3,85.8,15.0,20.0,55.0,4.0,70.6
2026-07-17 15:20:58,70.6,70.7,70.7,70.5,72.3,72.9,70.6,0.10540925533843648,70.8,70.5,-0.10000000000000853,70.6272506698966,70.85445816913185,-0.22720749923524863,29.400000000000006,7.441893426893615,-0.010540925533844546,588.0000000000001,0.0,0.9,85.8,15.0,20.0,58.0,4.0,70.6
2026-07-17 15:21:01,70.6,70.6,70.6,70.5,70.8,72.8,70.58,0.07888106377397555,70.7,70.5,0.0,70.6136253349483,70.8081930474715,-0.19456771252320948,29.400000000000006,5.569003102442673,0.0,588.0000000000001,0.25354627642070954,4.6,85.8,15.0,21.0,1.0,4.0,70.8
2026-07-17 15:21:04,70.8,70.6,70.7,70.7,70.6,73.2,70.6,0.10540925533843648,70.8,70.5,0.20000000000000284,70.70681266747414,70.80670340247669,-0.0998907350025462,29.200000000000003,7.462975277961302,0.021081851067687597,145.99999999999795,1.8973665961102255,5.2,85.8,15.0,21.0,4.0,4.0,70.9
2026-07-17 15:21:07,70.9,70.8,70.6,70.6,70.5,72.4,70.64,0.13498971154172199,70.9,70.5,0.10000000000000853,70.80340633373707,70.8236664202082,-0.02026008647112576,29.099999999999994,9.57077054830809,0.01349897115417335,290.99999999997516,1.9260727134722821,5.4,85.8,15.0,21.0,7.0,4.0,71.6
2026-07-17 15:21:10,71.6,70.9,70.6,70.7,70.5,72.3,70.75,0.3240370349202403,71.6,70.5,0.6999999999999886,71.20170316686853,70.96481798017034,0.23688518669818848,28.400000000000006,23.201051700289202,0.2268259244441645,40.57142857142924,2.6231569493567815,4.3,85.8,15.0,21.0,10.0,4.0,72.3
2026-07-17 15:21:13,72.3,71.6,70.8,70.6,70.5,72.4,70.92999999999999,0.5735852159879239,72.3,70.5,0.7000000000000028,71.75085158343427,71.2075783474121,0.5432732360221735,27.700000000000003,41.470211115926894,0.40150965119154836,39.57142857142841,2.3884855498591655,3.6,85.8,15.0,21.0,13.0,4.0,72.4
2026-07-17 15:21:16,72.4,72.3,70.9,70.6,70.5,72.3,71.12,0.7130529043797355,72.4,70.6,0.10000000000000853,72.07542579171714,71.42438228424626,0.6510435074708738,27.599999999999994,51.625030277092854,0.07130529043797962,275.9999999999764,1.79509822081636,13.2,85.8,15.0,21.0,16.0,4.0,72.4
2026-07-17 15:21:19,72.4,72.4,71.6,70.8,70.7,72.3,71.28999999999999,0.7992357460585234,72.4,70.6,0.0,72.23771289585858,71.60176732347422,0.6359455723843581,27.599999999999994,57.864668014637104,0.0,551.9999999999999,1.388826770416666,13.0,85.8,15.0,21.0,19.0,4.0,71.4
2026-07-17 15:21:22,71.4,72.4,72.3,70.9,70.6,72.3,71.37,0.7616502551112702,72.4,70.6,-1.0,71.81885644792929,71.56508235556981,0.25377409235947823,28.599999999999994,54.38182821494469,-0.7616502551112702,571.9999999999999,0.039388157226597935,14.7,85.8,15.0,21.0,22.0,4.0,70.5
2026-07-17 15:21:25,70.5,71.4,72.4,71.6,70.7,72.3,71.35,0.7835106182361787,72.4,70.5,-0.9000000000000057,71.15942822396465,71.37143101819348,-0.21200279422882318,29.5,55.2374985856506,-0.7051595564125653,590.0,-1.0848608560194053,14.0,85.8,15.0,21.0,25.0,4.0,70.5
2026-07-17 15:21:28,70.5,70.5,72.4,72.3,70.6,72.3,71.34,0.7947046970765326,72.4,70.5,0.0,70.82971411198233,71.21298901488557,-0.3832749029032385,29.5,56.026681143895544,0.0,590.0,-1.0569963951265142,14.4,85.8,15.0,21.0,28.0,4.0,70.4
2026-07-17 15:21:31,70.4,70.5,71.4,72.4,70.6,70.8,71.32,0.8175845182269468,72.4,70.4,-0.09999999999999432,70.61485705599117,71.06517283036091,-0.45031577436974146,29.599999999999994,57.557950083177055,-0.08175845182269004,591.9999999999999,-1.1252659260172195,26.1,85.8,15.0,21.0,31.0,4.0,70.7
2026-07-17 15:21:34,70.7,70.4,70.5,72.4,70.8,70.6,71.31,0.8252272414310754,72.4,70.4,0.29999999999999716,70.65742852799559,70.99877777029529,-0.34134924229969954,29.299999999999997,58.343565969177035,0.24756817242932028,97.66666666666758,-0.7391903337342116,26.7,85.8,15.0,21.0,34.0,4.0,71.3
2026-07-17 15:21:37,71.3,70.7,70.5,71.4,70.9,70.5,71.35,0.8127456893490743,72.4,70.4,0.5999999999999943,70.9787142639978,71.05354544842342,-0.07483118442561931,28.700000000000003,57.948767650589,0.48764741360944,47.83333333333379,-0.06151985873962865,29.2,85.8,15.0,21.0,37.0,4.0,72.0
2026-07-17 15:21:40,72.0,71.3,70.4,70.5,71.6,70.5,71.39,0.8359292899388849,72.4,70.4,0.7000000000000028,71.4893571319989,71.2256280941646,0.26372903783429535,28.0,60.18690887559971,0.5851505029572218,39.99999999999984,0.7297267930934646,20.4,85.8,15.0,21.0,40.0,4.0,72.3
2026-07-17 15:21:43,72.3,72.0,70.7,70.5,72.3,70.5,71.39000000000001,0.8359292899388849,72.4,70.4,0.29999999999999716,71.89467856599944,71.42096844068013,0.47371012531931456,27.700000000000003,60.437687662581375,0.2507787869816631,92.33333333333422,1.088608822483673,20.6,85.8,15.0,21.0,43.0,4.0,72.5
2026-07-17 15:21:46,72.5,72.3,71.3,70.4,72.4,70.5,71.4,0.849836585598769,72.5,70.4,0.20000000000000284,72.19733928299972,71.6171559969201,0.5801832860796168,27.5,61.61315245591075,0.1699673171197562,137.49999999999804,1.2943664919120514,40.8,85.8,15.0,21.0,46.0,4.0,70.8
2026-07-17 15:21:49,70.8,72.5,72.0,70.7,72.4,70.7,71.24,0.7890923055426402,72.5,70.4,-1.7000000000000028,71.49866964149986,71.46858217929827,0.03008746220159253,29.200000000000003,55.86773523241892,-1.3414569194224906,584.0,-0.5576026998481757,41.6,85.8,15.0,21.0,49.0,4.0,70.7
2026-07-17 15:21:52,70.7,70.8,72.3,71.3,71.4,70.6,71.17,0.8042249547096281,72.5,70.4,-0.09999999999999432,71.09933482074993,71.3288399648804,-0.22950514413047074,29.299999999999997,56.858704297970704,-0.08042249547095824,585.9999999999999,-0.5844135987668975,42.0,85.8,15.0,21.0,52.0,4.0,70.7
2026-07-17 15:21:55,70.7,70.7,72.5,72.0,70.5,70.7,71.19,0.7880355321937753,72.5,70.4,0.0,70.89966741037497,71.21450542581124,-0.31483801543626555,29.299999999999997,55.71411212609992,0.0,585.9999999999999,-0.6217993732286496,43.1,85.8,15.0,21.0,55.0,4.0,70.9
2026-07-17 15:21:58,70.9,70.7,70.8,72.3,70.5,70.6,71.22999999999999,0.7587270040446676,72.5,70.4,0.20000000000000284,70.89983370518749,71.15732262111828,-0.2574889159307929,29.099999999999994,53.79374458676694,0.15174540080893567,145.4999999999979,-0.4349390469046181,40.2,85.8,15.0,21.0,58.0,4.0,70.8
2026-07-17 15:22:01,70.8,70.9,70.7,72.5,70.4,70.6,71.27000000000001,0.719644974198267,72.5,70.7,-0.10000000000000853,70.84991685259374,71.09235487182404,-0.24243801923030617,29.200000000000003,50.9508641732373,-0.07196449741983284,584.0,-0.653099815674562,62.3,85.8,15.0,22.0,1.0,4.0,70.8
2026-07-17 15:22:04,70.8,70.8,70.7,70.8,70.7,70.8,71.28,0.7114929530375965,72.5,70.7,0.0,70.82495842629686,71.0391994405833,-0.2142410142864435,29.200000000000003,50.37370107506183,0.0,584.0,-0.6746377430032535,61.4,85.8,15.0,22.0,4.0,4.0,70.8
2026-07-17 15:22:07,70.8,70.8,70.9,70.7,71.3,70.9,71.23,0.7273238618386817,72.5,70.7,0.0,70.81247921314844,70.99570863320452,-0.18322942005607956,29.200000000000003,51.494529418178665,0.0,584.0,-0.5912084321184825,62.1,85.8,15.0,22.0,7.0,4.0,70.8
2026-07-17 15:22:10,70.8,70.8,70.8,70.7,72.0,71.6,71.11,0.6838615844354692,72.5,70.7,0.0,70.80623960657422,70.96012524534915,-0.15388563877492345,29.200000000000003,48.417400178031215,0.0,584.0,-0.45330810657526355,62.1,85.8,15.0,22.0,10.0,4.0,70.8
2026-07-17 15:22:13,70.8,70.8,70.8,70.9,72.3,72.3,70.96,0.5440588203493353,72.5,70.7,0.0,70.8031198032871,70.93101156437658,-0.1278917610894723,29.200000000000003,38.51936448073294,0.0,584.0,-0.2940858488375614,59.4,85.8,15.0,22.0,13.0,4.0,70.9
2026-07-17 15:22:16,70.9,70.8,70.8,70.8,72.5,72.4,70.8,0.06666666666586453,70.9,70.7,0.10000000000000853,70.85155990164355,70.92537309812629,-0.07381319648273177,29.099999999999994,4.726666666609796,0.006666666666587022,290.99999999997516,1.500000000018176,78.3,85.8,15.0,22.0,16.0,4.0,70.9
2026-07-17 15:22:19,70.9,70.9,70.8,70.8,70.8,72.4,70.81,0.07378647873654437,70.9,70.7,0.0,70.87577995082178,70.92075980755787,-0.044979856736091506,29.099999999999994,5.231461342420996,0.0,581.9999999999999,1.2197356689340013,76.1,85.8,15.0,22.0,19.0,4.0,70.9
2026-07-17 15:22:22,70.9,70.9,70.8,70.8,70.7,71.4,70.83,0.06749485577028493,70.9,70.7,0.0,70.8878899754109,70.91698529709281,-0.02909532168190765,29.099999999999994,4.785385274113201,0.0,581.9999999999999,1.037116076494016,76.9,85.8,15.0,22.0,22.0,4.0,70.9
2026-07-17 15:22:25,70.9,70.9,70.9,70.8,70.7,70.5,70.85,0.05270462766850748,70.9,70.8,0.0,70.89394498770545,70.91389706125776,-0.019952073552303773,29.099999999999994,3.736758101697181,0.0,581.9999999999999,0.9486832980681086,76.9,85.8,15.0,22.0,25.0,4.0,70.9
2026-07-17 15:22:28,70.9,70.9,70.9,70.8,70.9,70.5,70.85,0.05270462766850748,70.9,70.8,0.0,70.89697249385273,70.91137032284725,-0.014397828994518136,29.099999999999994,3.736758101697181,0.0,581.9999999999999,0.9486832980681086,77.6,85.8,15.0,22.0,28.0,4.0,71.0
2026-07-17 15:22:31,71.0,70.9,70.9,70.9,70.8,70.4,70.87,0.06749485577031815,71.0,70.8,0.09999999999999432,70.94848624692636,70.92748480960229,0.02100143732407389,29.0,4.792134759692589,0.006749485577031431,290.0000000000165,1.9260727134876678,91.1,85.8,15.0,22.0,31.0,4.0,71.0
2026-07-17 15:22:34,71.0,71.0,70.9,70.9,70.8,70.7,70.89000000000001,0.07378647873660192,71.0,70.8,0.0,70.97424312346318,70.9406693896746,0.03357373378858597,29.0,5.238839990298737,0.0,580.0,1.4907880398068043,91.7,85.8,15.0,22.0,34.0,4.0,71.0
2026-07-17 15:22:37,71.0,71.0,70.9,70.9,70.8,71.3,70.91,0.07378647873661508,71.0,70.8,0.0,70.98712156173158,70.95145677337013,0.03566478836145848,29.0,5.23883999029967,0.0,580.0,1.2197356689328325,90.6,85.8,15.0,22.0,37.0,4.0,71.0
2026-07-17 15:22:40,71.0,71.0,71.0,70.9,70.8,72.0,70.93,0.06749485577036221,71.0,70.8,0.0,70.99356078086579,70.96028281457555,0.03327796629024249,29.0,4.792134759695717,0.0,580.0,1.0371160764926177,90.6,85.8,15.0,22.0,40.0,4.0,71.0
2026-07-17 15:22:43,71.0,71.0,71.0,70.9,70.8,72.3,70.95000000000002,0.05270462766860646,71.0,70.9,0.0,70.99678039043289,70.96750412101636,0.02927626941652761,29.0,3.7420285644710587,0.0,580.0,0.9486832980657878,91.1,85.8,15.0,22.0,43.0,4.0,71.0
2026-07-17 15:22:46,71.0,71.0,71.0,71.0,70.9,72.5,70.96000000000001,0.05163977794856089,71.0,70.9,0.0,70.99839019521644,70.97341246264975,0.024977732566696886,29.0,3.666424234347823,0.0,580.0,0.7745966692543993,95.55,85.8,15.0,22.0,46.0,4.0,71.0
2026-07-17 15:22:49,71.0,71.0,71.0,71.0,70.9,70.8,70.97,0.04830458915304835,71.0,70.9,0.0,70.99919509760822,70.97824656034979,0.02094853725843393,29.0,3.4296258298664326,0.0,580.0,0.6210590034199253,100.0,85.8,15.0,22.0,49.0,4.0,71.0
2026-07-17 15:22:52,71.0,71.0,71.0,71.0,70.9,70.7,70.98,0.04216370213454422,71.0,70.9,0.0,70.9995975488041,70.98220173119527,0.017395817608829134,29.0,2.9936228515526397,0.0,580.0,0.47434164903679693,100.0,85.8,15.0,22.0,52.0,4.0,71.0
2026-07-17 15:22:55,71.0,71.0,71.0,71.0,70.9,70.7,70.99000000000001,0.03162277660032644,71.0,70.9,0.0,70.99979877440205,70.98543778006886,0.01436099433318816,29.0,2.245217138623177,0.0,580.0,0.31622776603012387,100.0,85.8,15.0,22.0,55.0,4.0,71.1
2026-07-17 15:22:58,71.1,71.0,71.0,71.0,70.9,70.9,71.00999999999999,0.031622776600371376,71.1,71.0,0.09999999999999432,71.04989938720102,71.0062672746018,0.0436321125992265,28.900000000000006,2.248379416286405,0.003162277660036958,289.0000000000165,2.846049894269767,100.0,85.8,15.0,22.0,58.0,4.0,71.1
2026-07-17 15:23:01,71.1,71.1,71.0,71.0,71.0,70.8,71.02,0.04216370213461163,71.1,71.0,0.0,71.0749496936005,71.02330958831055,0.051640105289948224,28.900000000000006,2.997839221770887,0.0,578.0000000000001,1.8973665961444914,93.7,85.8,15.0,23.0,1.0,4.0,71.0
2026-07-17 15:23:04,71.0,71.1,71.0,71.0,71.0,70.8,71.02,0.04216370213461163,71.1,71.0,-0.09999999999999432,71.03747484680025,71.019071481345,0.01840336545525645,29.0,2.9936228515574257,-0.004216370213460923,580.0,-0.4743416490360386,90.0,85.8,15.0,23.0,4.0,4.0,70.9
2026-07-17 15:23:07,70.9,71.0,71.1,71.0,71.0,70.8,71.00999999999999,0.05676462121902183,71.1,70.9,-0.09999999999999432,70.96873742340013,70.99742212110044,-0.028684697700313677,29.099999999999994,4.024611644428648,-0.00567646212190186,581.9999999999999,-1.9378267244232787,90.9,85.8,15.0,23.0,7.0,4.0,70.9
2026-07-17 15:23:10,70.9,70.9,71.1,71.0,71.0,70.8,71.0,0.06666666666602997,71.1,70.9,0.0,70.93436871170007,70.97970900817309,-0.04534029647301452,29.099999999999994,4.726666666621525,0.0,581.9999999999999,-1.5000000000142404,92.5,85.8,15.0,23.0,10.0,4.0,70.9
2026-07-17 15:23:13,70.9,70.9,71.0,71.1,71.0,70.8,70.99,0.0737864787366746,71.1,70.9,0.0,70.91718435585004,70.96521646123253,-0.048032105382489476,29.099999999999994,5.231461342430229,0.0,581.9999999999999,-1.2197356689316559,91.4,85.8,15.0,23.0,13.0,4.0,70.9
2026-07-17 15:23:16,70.9,70.9,70.9,71.1,71.0,70.9,70.97999999999999,0.07888106377410138,71.1,70.9,0.0,70.90859217792502,70.95335892282661,-0.044766744901593825,29.099999999999994,5.592667421583789,0.0,581.9999999999999,-1.0141851056812203,76.9,85.8,15.0,23.0,16.0,4.0,70.8
2026-07-17 15:23:19,70.8,70.9,70.9,71.0,71.0,70.9,70.96,0.09660917830745774,71.1,70.8,-0.10000000000000853,70.85429608896251,70.92547548231268,-0.07117939335016388,29.200000000000003,6.839929824168008,-0.009660917830746598,584.0,-1.6561573424297036,78.8,85.8,15.0,23.0,19.0,4.0,70.8
2026-07-17 15:23:22,70.8,70.8,70.9,70.9,71.0,70.9,70.94,0.10749676997687824,71.1,70.8,0.0,70.82714804448125,70.90266175825582,-0.07551371377456917,29.200000000000003,7.610771314362979,0.0,584.0,-1.3023647131919736,77.3,85.8,15.0,23.0,22.0,4.0,70.8
2026-07-17 15:23:25,70.8,70.8,70.9,70.9,71.0,70.9,70.91999999999999,0.11352924243908565,71.1,70.8,0.0,70.81357402224063,70.88399598402748,-0.0704219617868489,29.200000000000003,8.037870364687263,0.0,584.0,-1.0569963951303258,78.6,85.8,15.0,23.0,25.0,4.0,70.8
2026-07-17 15:23:28,70.8,70.8,70.8,70.9,71.1,70.9,70.89000000000001,0.09944289260067395,71.1,70.8,0.0,70.80678701112032,70.86872398693157,-0.061936975811249795,29.200000000000003,7.040556796127715,0.0,584.0,-0.905042056262628,77.9,85.8,15.0,23.0,28.0,4.0,70.7
2026-07-17 15:23:31,70.7,70.8,70.8,70.9,71.1,71.0,70.85,0.0849836585592638,71.0,70.7,-0.09999999999999432,70.75339350556015,70.83804689839856,-0.08465339283840478,29.299999999999997,6.008344660139952,-0.008498365855925897,585.9999999999999,-1.7650452162563486,64.4,85.8,15.0,23.0,31.0,4.0,70.7
2026-07-17 15:23:34,70.7,70.7,70.8,70.8,71.0,71.0,70.82000000000001,0.07888106377396971,70.9,70.7,0.0,70.72669675278007,70.8129474623261,-0.08625070954602165,29.299999999999997,5.576891208819658,0.0,585.9999999999999,-1.52127765852473,62.4,85.8,15.0,23.0,34.0,4.0,70.7
2026-07-17 15:23:37,70.7,70.7,70.8,70.8,70.9,71.0,70.8,0.08164965809208684,70.9,70.7,0.0,70.71334837639003,70.79241156008499,-0.0790631836949558,29.299999999999997,5.7726308271105395,0.0,585.9999999999999,-1.2247448714018059,63.0,85.8,15.0,23.0,37.0,4.0,70.7
2026-07-17 15:23:40,70.7,70.7,70.7,70.8,70.9,71.0,70.78,0.07888106377393368,70.9,70.7,0.0,70.70667418819502,70.77560945825135,-0.06893527005632905,29.299999999999997,5.576891208817112,0.0,585.9999999999999,-1.0141851056835565,63.7,85.8,15.0,23.0,40.0,4.0,70.7
2026-07-17 15:23:43,70.7,70.7,70.7,70.8,70.9,71.0,70.76,0.06992058987717062,70.9,70.7,0.0,70.70333709409752,70.76186228402383,-0.05852518992631417,29.299999999999997,4.943385704315963,0.0,585.9999999999999,-0.8581163303313684,63.9,85.8,15.0,23.0,43.0,4.0,70.6
2026-07-17 15:23:46,70.6,70.7,70.7,70.7,70.9,71.0,70.72999999999999,0.06749485577015901,70.8,70.6,-0.10000000000000853,70.65166854704876,70.73243277783769,-0.08076423078892958,29.400000000000006,4.765136817373226,-0.006749485577016477,588.0000000000001,-1.926072713492209,45.5,85.8,15.0,23.0,46.0,4.0,70.6
2026-07-17 15:23:49,70.6,70.6,70.7,70.7,70.8,71.0,70.71000000000001,0.07378647873642596,70.8,70.6,0.0,70.62583427352438,70.7083540909581,-0.08251981743372028,29.400000000000006,5.209325398791672,0.0,588.0000000000001,-1.4907880398107445,46.4,85.8,15.0,23.0,49.0,4.0,70.6
2026-07-17 15:23:52,70.6,70.6,70.7,70.7,70.8,71.0,70.69,0.07378647873640873,70.8,70.6,0.0,70.61291713676218,70.68865334714752,-0.07573621038534384,29.400000000000006,5.2093253987904555,0.0,588.0000000000001,-1.2197356689362435,44.6,85.8,15.0,23.0,52.0,4.0,70.6
2026-07-17 15:23:55,70.6,70.6,70.6,70.7,70.8,71.0,70.67,0.0674948557701025,70.8,70.6,0.0,70.60645856838109,70.67253455675706,-0.06607598837597095,29.400000000000006,4.765136817369236,0.0,588.0000000000001,-1.037116076496819,45.0,85.8,15.0,23.0,55.0,4.0,70.6
2026-07-17 15:23:58,70.6,70.6,70.6,70.7,70.8,71.1,70.65,0.052704627668225645,70.7,70.6,0.0,70.60322928419055,70.65934645552849,-0.05611717133794514,29.400000000000006,3.72094671337673,0.0,588.0000000000001,-0.9486832980731816,44.5,85.8,15.0,23.0,58.0,4.0,70.5
2026-07-17 15:24:01,70.5,70.6,70.6,70.6,70.7,71.1,70.63,0.06749485577006041,70.7,70.5,-0.09999999999999432,70.55161464209527,70.63037437270512,-0.0787597306098462,29.5,4.758387331789259,-0.006749485577005657,590.0,-1.9260727134950228,26.3,85.8,15.0,24.0,1.0,4.0,70.5
2026-07-17 15:24:04,70.5,70.5,70.6,70.6,70.7,71.0,70.60999999999999,0.07378647873633169,70.7,70.5,0.0,70.52580732104764,70.60666994130418,-0.08086262025653923,29.5,5.201946750911384,0.0,590.0,-1.490788039812264,25.5,85.8,15.0,24.0,4.0,4.0,70.5
2026-07-17 15:24:07,70.5,70.5,70.6,70.6,70.7,70.9,70.58999999999999,0.0737864787363104,70.7,70.5,0.0,70.51290366052382,70.5872754065216,-0.07437174599778018,29.5,5.201946750909883,0.0,590.0,-1.2197356689376764,25.9,85.8,15.0,24.0,7.0,4.0,70.4
2026-07-17 15:24:10,70.4,70.5,70.5,70.6,70.7,70.9,70.56,0.0843274042702945,70.7,70.4,-0.09999999999999432,70.45645183026191,70.55322533260858,-0.09677350234666449,29.599999999999994,5.936649260628734,-0.00843274042702897,591.9999999999999,-1.8973665961203885,26.9,85.8,15.0,24.0,10.0,4.0,70.4
2026-07-17 15:24:13,70.4,70.4,70.5,70.6,70.7,70.9,70.53,0.08232726023394331,70.6,70.4,0.0,70.42822591513095,70.5253661812252,-0.09714026609424309,29.599999999999994,5.795839120469609,0.0,591.9999999999999,-1.5790638438663456,25.3,85.8,15.0,24.0,13.0,4.0,70.3
2026-07-17 15:24:16,70.3,70.4,70.5,70.5,70.6,70.9,70.5,0.10540925533821104,70.6,70.3,-0.10000000000000853,70.36411295756548,70.48439051191153,-0.12027755434604614,29.700000000000003,7.410270650276235,-0.010540925533822002,594.0,-1.8973665961142836,11.6,85.8,15.0,24.0,16.0,4.0,70.3
2026-07-17 15:24:19,70.3,70.3,70.4,70.5,70.6,70.8,70.47,0.11595018087215285,70.6,70.3,0.0,70.33205647878273,70.45086496429124,-0.11880848550850942,29.700000000000003,8.151297715312346,0.0,594.0,-1.4661469151776867,11.3,85.8,15.0,24.0,19.0,4.0,70.3
2026-07-17 15:24:22,70.3,70.3,70.4,70.5,70.6,70.8,70.44,0.1173787790770282,70.6,70.3,0.0,70.31602823939136,70.42343497078375,-0.10740673139238766,29.700000000000003,8.251728169115083,0.0,594.0,-1.1927198519259388,11.2,85.8,15.0,24.0,22.0,4.0,70.3
2026-07-17 15:24:25,70.3,70.3,70.3,70.4,70.6,70.8,70.41,0.11005049346069591,70.6,70.3,0.0,70.30801411969568,70.40099224882306,-0.09297812912737413,29.700000000000003,7.736549690286922,0.0,594.0,-0.9995411791523269,11.9,85.8,15.0,24.0,25.0,4.0,70.3
2026-07-17 15:24:28,70.3,70.3,70.3,70.4,70.6,70.8,70.38000000000001,0.09189365834632532,70.5,70.3,0.0,70.30400705984783,70.38263002176431,-0.07862296191648,29.700000000000003,6.46012418174667,0.0,594.0,-0.8705715001410821,10.9,85.8,15.0,24.0,28.0,4.0,70.2
2026-07-17 15:24:31,70.2,70.3,70.3,70.3,70.5,70.7,70.35,0.09718253157983928,70.5,70.2,-0.09999999999999432,70.25200352992391,70.3494245632617,-0.09742103333779539,29.799999999999997,6.8222137169047175,-0.009718253157983376,595.9999999999999,-1.5434872662970358,3.9,85.8,15.0,24.0,31.0,4.0,70.3
2026-07-17 15:24:34,70.3,70.2,70.3,70.3,70.5,70.7,70.33,0.08232726023375773,70.5,70.2,0.09999999999999432,70.27600176496196,70.3404382790323,-0.06443651407033713,29.700000000000003,5.787606394433168,0.008232726023375306,297.00000000001694,-0.36439934858538925,4.0,85.8,15.0,24.0,34.0,4.0,70.6
2026-07-17 15:24:37,70.6,70.3,70.3,70.3,70.5,70.7,70.34,0.1074967699764776,70.6,70.2,0.29999999999999716,70.43800088248098,70.38763131920824,0.05036956327273856,29.400000000000006,7.5892719603393175,0.032249030992942976,98.00000000000095,2.418677324508299,4.3,85.8,15.0,24.0,37.0,4.0,70.6
2026-07-17 15:24:40,70.6,70.6,70.2,70.3,70.4,70.7,70.35999999999999,0.13498971154145467,70.6,70.2,0.0,70.51900044124048,70.42624380662491,0.0927566346155686,29.400000000000006,9.530273634826699,0.0,588.0000000000001,1.7779132739779675,4.6,85.8,15.0,24.0,40.0,4.0,70.6
2026-07-17 15:24:43,70.6,70.6,70.3,70.3,70.4,70.7,70.38,0.1549193338477351,70.6,70.2,0.0,70.55950022062024,70.457835841784,0.10166437883623303,29.400000000000006,10.937304969650096,0.0,588.0000000000001,1.4200938936145266,4.1,85.8,15.0,24.0,43.0,4.0,70.6
2026-07-17 15:24:46,70.6,70.6,70.6,70.2,70.3,70.6,70.41,0.16633299933115347,70.6,70.2,0.0,70.57975011031012,70.48368387055055,0.09606623975956552,29.400000000000006,11.743109752779434,0.0,588.0000000000001,1.142286862883567,0.2,85.8,15.0,24.0,46.0,4.0,70.5
2026-07-17 15:24:49,70.5,70.6,70.6,70.3,70.3,70.6,70.42999999999999,0.16363916944794002,70.6,70.2,-0.09999999999999432,70.53987505515505,70.48665043954135,0.05322461561370062,29.5,11.536561446079771,-0.016363916944793073,590.0,0.4277704429578953,0.7,85.8,15.0,24.0,49.0,4.0,70.6
2026-07-17 15:24:52,70.6,70.5,70.6,70.6,70.3,70.6,70.46000000000001,0.1646545204692206,70.6,70.2,0.09999999999999432,70.56993752757752,70.50725945053384,0.06267807704368522,29.400000000000006,11.624609145126973,0.016465452046921125,294.00000000001677,0.8502651466903213,0.2,85.8,15.0,24.0,52.0,4.0,70.5
2026-07-17 15:24:55,70.5,70.6,70.6,70.6,70.3,70.6,70.47999999999999,0.15491933384778245,70.6,70.2,-0.09999999999999432,70.53496876378875,70.50593955043676,0.029029213351989824,29.5,10.921813036268663,-0.015491933384777364,590.0,0.12909944487407513,0.0,85.8,15.0,24.0,55.0,4.0,70.9
2026-07-17 15:24:58,70.9,70.5,70.5,70.6,70.3,70.6,70.53999999999999,0.18973665960970662,70.9,70.2,0.4000000000000057,70.71748438189438,70.5775869049028,0.13989747699157817,29.099999999999994,13.4523291663282,0.07589466384388373,72.74999999999895,1.897366596105061,0.8,85.8,15.0,24.0,58.0,4.0,70.6
2026-07-17 15:25:01,70.6,70.9,70.6,70.6,70.2,70.5,70.58000000000001,0.14757295747403437,70.9,70.3,-0.30000000000001137,70.65874219094718,70.58166201310229,0.0770801778448913,29.400000000000006,10.418650797666826,-0.04427188724221199,588.0000000000001,0.13552618543611442,4.1,85.8,15.0,25.0,1.0,4.0,70.6
2026-07-17 15:25:04,70.6,70.6,70.5,70.5,70.3,70.5,70.60999999999999,0.11005049346082145,70.9,70.5,0.0,70.62937109547359,70.58499619253823,0.04437490293535973,29.400000000000006,7.769564838333994,0.0,588.0000000000001,-0.09086737992275298,4.9,85.8,15.0,25.0,4.0,4.0,70.7
2026-07-17 15:25:07,70.7,70.6,70.9,70.6,70.6,70.5,70.61999999999999,0.11352924243889556,70.9,70.5,0.10000000000000853,70.6646855477368,70.60590597571309,0.05877957202370965,29.299999999999997,8.026517440429917,0.011352924243890524,292.999999999975,0.704664263421564,4.5,85.8,15.0,25.0,7.0,4.0,70.7
2026-07-17 15:25:10,70.7,70.7,70.6,70.5,70.6,70.4,70.63000000000001,0.11595018087224586,70.9,70.5,0.0,70.6823427738684,70.62301398012889,0.05932879373951039,29.299999999999997,8.197677787667782,0.0,585.9999999999999,0.60370755330791,4.1,85.8,15.0,25.0,10.0,4.0,70.1
2026-07-17 15:25:13,70.1,70.7,70.6,70.9,70.6,70.4,70.58,0.20439612955639352,70.9,70.1,-0.6000000000000085,70.39117138693419,70.52792052919636,-0.13674914226217538,29.900000000000006,14.328168681903184,-0.12263767773383785,598.0000000000001,-2.3483810629964523,4.6,85.8,15.0,25.0,13.0,4.0,70.1
2026-07-17 15:25:16,70.1,70.1,70.7,70.6,70.6,70.3,70.53,0.25407785333516575,70.9,70.1,0.0,70.24558569346709,70.4501167966152,-0.2045311031481134,29.900000000000006,17.810857518795117,0.0,598.0000000000001,-1.6923946513070312,11.4,85.8,15.0,25.0,16.0,4.0,70.1
2026-07-17 15:25:19,70.1,70.1,70.7,70.6,70.5,70.3,70.49,0.2884826203119847,70.9,70.1,0.0,70.17279284673354,70.38645919723062,-0.21366635049707838,29.900000000000006,20.222631683870123,0.0,598.0000000000001,-1.3519011979932383,13.8,85.8,15.0,25.0,19.0,4.0,70.1
2026-07-17 15:25:22,70.1,70.1,70.1,70.7,70.6,70.3,70.44,0.30983866769633883,70.9,70.1,0.0,70.13639642336676,70.33437570682506,-0.19797928345829519,29.900000000000006,21.71969060551335,0.0,598.0000000000001,-1.0973452814263471,12.7,85.8,15.0,25.0,22.0,4.0,70.1
2026-07-17 15:25:25,70.1,70.1,70.1,70.7,70.5,70.3,70.39999999999999,0.3265986323708429,70.9,70.1,0.0,70.11819821168338,70.29176194194777,-0.17356373026439087,29.900000000000006,22.894564129196088,0.0,598.0000000000001,-0.9185586535443792,12.1,85.8,15.0,25.0,25.0,4.0,70.1
2026-07-17 15:25:28,70.1,70.1,70.1,70.1,70.9,70.3,70.32,0.2859681411933976,70.7,70.1,0.0,70.1090991058417,70.2568961343209,-0.14779702847920362,29.900000000000006,20.04636669765717,0.0,598.0000000000001,-0.7693164667990583,13.2,85.8,15.0,25.0,28.0,4.0,70.2
2026-07-17 15:25:31,70.2,70.1,70.1,70.1,70.6,70.2,70.28,0.2699794230838972,70.7,70.1,0.10000000000000853,70.15454955292086,70.24655138262618,-0.09200182970532467,29.799999999999997,18.952555500489584,0.026997942308392024,297.9999999999746,-0.29631887899522613,27.2,85.8,15.0,25.0,31.0,4.0,70.2
2026-07-17 15:25:34,70.2,70.2,70.1,70.1,70.6,70.3,70.24,0.24585451886077883,70.7,70.1,0.0,70.17727477646042,70.23808749487596,-0.060812718415533595,29.799999999999997,17.258987224026676,0.0,595.9999999999999,-0.1626978433642012,27.9,85.8,15.0,25.0,34.0,4.0,70.2
2026-07-17 15:25:37,70.2,70.2,70.1,70.1,70.7,70.6,70.19,0.18529256146199866,70.7,70.1,0.0,70.1886373882302,70.2311624958076,-0.04252510757739003,29.799999999999997,13.007537814632306,0.0,595.9999999999999,0.05396870722225943,26.9,85.8,15.0,25.0,37.0,4.0,70.2
2026-07-17 15:25:40,70.2,70.2,70.2,70.1,70.7,70.6,70.14,0.051639777947591496,70.2,70.1,0.0,70.19431869411511,70.22549658747893,-0.031177893363818043,29.799999999999997,3.6251124119209233,0.0,595.9999999999999,1.1618950039036855,26.6,85.8,15.0,25.0,40.0,4.0,70.2
2026-07-17 15:25:43,70.2,70.2,70.2,70.1,70.1,70.6,70.15,0.05270462766767732,70.2,70.1,0.0,70.19715934705755,70.22086084430093,-0.023701497243379777,29.799999999999997,3.6998648622709482,0.0,595.9999999999999,0.948683298082782,26.5,85.8,15.0,25.0,43.0,4.0,70.4
2026-07-17 15:25:46,70.4,70.2,70.2,70.2,70.1,70.6,70.17999999999999,0.09189365834625365,70.4,70.1,0.20000000000000284,70.29857967352878,70.25343159988257,0.0451480736462031,29.599999999999994,6.469313547576258,0.01837873166925099,147.99999999999787,2.394071625389611,45.2,85.8,15.0,25.0,46.0,4.0,70.4
2026-07-17 15:25:49,70.4,70.4,70.2,70.2,70.1,70.5,70.21000000000001,0.11005049346062473,70.4,70.1,0.0,70.3492898367644,70.28008039990392,0.06920943686047565,29.599999999999994,7.747554739627982,0.0,591.9999999999999,1.7264802185369423,46.8,85.8,15.0,25.0,49.0,4.0,70.2
2026-07-17 15:25:52,70.2,70.4,70.2,70.2,70.1,70.6,70.22,0.10327955589797608,70.4,70.1,-0.20000000000000284,70.2746449183822,70.26552032719411,0.009124591188083286,29.799999999999997,7.250224824037921,-0.020655911179595508,595.9999999999999,-0.19364916731199802,46.1,85.8,15.0,25.0,52.0,4.0,70.2
2026-07-17 15:25:55,70.2,70.2,70.4,70.2,70.1,70.5,70.23,0.09486832980408656,70.4,70.1,0.0,70.23732245919109,70.25360754043155,-0.016285081240454247,29.799999999999997,6.659756752246877,0.0,595.9999999999999,-0.31622776602006597,45.4,85.8,15.0,25.0,55.0,4.0,70.5
2026-07-17 15:25:58,70.5,70.2,70.4,70.2,70.1,70.9,70.27000000000001,0.11595018087206176,70.5,70.2,0.29999999999999716,70.36866122959555,70.29840616944398,0.0702550601515668,29.5,8.174487751480354,0.034785054261618195,98.33333333333427,1.9836105323006734,40.7,85.8,15.0,25.0,58.0,4.0,70.4
2026-07-17 15:26:01,70.4,70.5,70.2,70.4,70.2,70.6,70.28999999999999,0.11972189997303913,70.5,70.2,-0.09999999999999432,70.38433061479778,70.31687777499961,0.06745283979816463,29.599999999999994,8.428421758101955,-0.011972189997303232,591.9999999999999,0.9187959765488618,61.9,85.8,15.0,26.0,1.0,4.0,69.9
2026-07-17 15:26:04,69.9,70.4,70.2,70.4,70.2,70.6,70.26000000000002,0.17126976771500374,70.5,69.9,-0.5,70.1421653073989,70.24108181590877,-0.09891650850987332,30.099999999999994,11.971756763278762,-0.08563488385750187,601.9999999999999,-2.1019471492427124,62.6,85.8,15.0,26.0,4.0,4.0,70.0
2026-07-17 15:26:07,70.0,69.9,70.5,70.2,70.2,70.7,70.24000000000001,0.1897366596096191,70.5,69.9,0.09999999999999432,70.07108265369945,70.1972487584708,-0.12616610477135737,30.0,13.281566172673337,0.018973665960960832,300.00000000001705,-1.264911064070624,62.3,85.8,15.0,26.0,7.0,4.0,70.0
2026-07-17 15:26:10,70.0,70.0,70.4,70.2,70.2,70.7,70.22,0.20439612955629316,70.5,69.9,0.0,70.03554132684972,70.16138534783975,-0.12584402099003,30.0,14.307729068940521,0.0,600.0,-1.0763413205405545,62.3,85.8,15.0,26.0,10.0,4.0,70.0
2026-07-17 15:26:13,70.0,70.0,69.9,70.5,70.2,70.1,70.2,0.2160246899464972,70.5,69.9,0.0,70.01777066342487,70.13204255732343,-0.11427189389856096,30.0,15.121728296254805,0.0,600.0,-0.9258200997744138,61.8,85.8,15.0,26.0,13.0,4.0,70.1
2026-07-17 15:26:16,70.1,70.0,70.0,70.4,70.4,70.1,70.16999999999999,0.20575065815968635,70.5,69.9,0.09999999999999432,70.05888533171243,70.12621663781007,-0.0673313060976426,29.900000000000006,14.423121136994013,0.020575065815967464,299.00000000001705,-0.34021762373010284,76.4,85.8,15.0,26.0,16.0,4.0,70.1
2026-07-17 15:26:19,70.1,70.1,70.0,69.9,70.4,70.1,70.14,0.18973665960959654,70.5,69.9,0.0,70.07944266585622,70.12144997639005,-0.04200731053383322,29.900000000000006,13.300539838632716,0.0,598.0000000000001,-0.21081851067848736,77.9,85.8,15.0,26.0,19.0,4.0,70.1
2026-07-17 15:26:22,70.1,70.1,70.0,70.0,70.2,70.1,70.13000000000001,0.18885620632235942,70.5,69.9,0.0,70.08972133292811,70.11754998068277,-0.027828647754660096,29.900000000000006,13.238820063197394,0.0,598.0000000000001,-0.158851014664608,74.8,85.8,15.0,26.0,22.0,4.0,70.1
2026-07-17 15:26:25,70.1,70.1,70.1,70.0,70.2,70.1,70.12,0.18737959096688436,70.5,69.9,0.0,70.09486066646406,70.11435907510408,-0.019498408640018283,29.900000000000006,13.135309326778593,0.0,598.0000000000001,-0.10673521004507282,77.0,85.8,15.0,26.0,25.0,4.0,70.1
2026-07-17 15:26:28,70.1,70.1,70.1,70.0,70.5,70.1,70.08,0.13165611772012215,70.4,69.9,0.0,70.09743033323203,70.11174833417606,-0.014318000944030018,29.900000000000006,9.229093852180561,0.0,598.0000000000001,0.15191090506339036,76.5,85.8,15.0,26.0,28.0,4.0,70.2
2026-07-17 15:26:31,70.2,70.1,70.1,70.1,70.4,70.2,70.06,0.08432740426996466,70.2,69.9,0.10000000000000853,70.14871516661601,70.12779409159859,0.02092107501742646,29.799999999999997,5.919783779751519,0.008432740426997185,297.9999999999746,1.6601957716118758,91.0,85.8,15.0,26.0,31.0,4.0,70.2
2026-07-17 15:26:34,70.2,70.2,70.1,70.1,69.9,70.2,70.09,0.07378647873592255,70.2,70.0,0.0,70.17435758330801,70.14092243858066,0.0334351447273491,29.799999999999997,5.179810807261763,0.0,595.9999999999999,1.490788039820723,89.4,85.8,15.0,26.0,34.0,4.0,70.2
2026-07-17 15:26:37,70.2,70.2,70.1,70.1,70.0,70.2,70.11,0.07378647873593978,70.2,70.0,0.0,70.187178791654,70.15166381338418,0.03551497826983052,29.799999999999997,5.179810807262973,0.0,595.9999999999999,1.2197356689439955,90.2,85.8,15.0,26.0,37.0,4.0,70.2
2026-07-17 15:26:40,70.2,70.2,70.2,70.1,70.0,70.2,70.13,0.06749485576962751,70.2,70.0,0.0,70.193589395827,70.16045221095068,0.033137184876324,29.799999999999997,4.738138875027851,0.0,595.9999999999999,1.0371160765041176,90.1,85.8,15.0,26.0,40.0,4.0,70.2
2026-07-17 15:26:43,70.2,70.2,70.2,70.1,70.0,70.2,70.14999999999999,0.05270462766766557,70.2,70.1,0.0,70.1967946979135,70.16764271805054,0.029151979862959365,29.799999999999997,3.699864862270123,0.0,595.9999999999999,0.948683298083263,90.3,85.8,15.0,26.0,43.0,4.0,70.25
2026-07-17 15:26:46,70.25,70.2,70.2,70.2,70.1,70.4,70.16499999999999,0.0579750904347918,70.25,70.1,0.04999999999999716,70.22339734895675,70.18261676931408,0.040780579642671455,29.75,4.0727501030441235,0.002898754521739425,595.0,1.4661469152102964,95.15,85.8,15.0,26.0,46.0,4.0,70.3
2026-07-17 15:26:49,70.3,70.25,70.2,70.2,70.1,70.4,70.185,0.06687467549106803,70.3,70.1,0.04999999999999716,70.26169867447837,70.20395917489333,0.057739499585039766,29.700000000000003,4.701289687022082,0.0033437337745532113,594.0,1.719634512699125,100.0,85.8,15.0,26.0,49.0,4.0,70.3
2026-07-17 15:26:52,70.3,70.3,70.2,70.2,70.1,70.2,70.205,0.06851601596896982,70.3,70.1,0.0,70.28084933723918,70.22142114309455,0.05942819414462974,29.700000000000003,4.816675922618578,0.0,594.0,1.3865371279471848,100.0,85.8,15.0,26.0,52.0,4.0,70.3
2026-07-17 15:26:55,70.3,70.3,70.25,70.2,70.1,70.2,70.225,0.06346477588076706,70.3,70.1,0.0,70.29042466861958,70.23570820798645,0.05471646063313074,29.700000000000003,4.461573744417924,0.0,594.0,1.1817578957642159,100.0,85.8,15.0,26.0,55.0,4.0,70.5
2026-07-17 15:26:58,70.5,70.3,70.3,70.2,70.1,70.5,70.26500000000001,0.09442810316049952,70.5,70.2,0.20000000000000284,70.39521233430979,70.28376126107982,0.11145107322997205,29.5,6.657181272815216,0.018885620632100173,147.4999999999979,2.4886658964286887,100.0,85.8,15.0,26.0,58.0,4.0,71.5
2026-07-17 15:27:01,71.5,70.5,70.3,70.25,70.2,70.4,70.39500000000001,0.3989221589342083,71.5,70.2,1.0,70.9476061671549,70.50489557724711,0.4427105899077901,28.5,28.522934363795894,0.3989221589342083,28.5,2.7699639522462087,91.7,85.8,15.0,27.0,1.0,4.0,71.7
2026-07-17 15:27:04,71.7,71.5,70.3,70.3,70.2,69.9,70.54499999999999,0.5649237903370241,71.7,70.2,0.20000000000000284,71.32380308357745,70.7221872904749,0.601615793102539,28.299999999999997,40.50503576716463,0.11298475806740643,141.49999999999798,2.0445235618612587,95.0,85.8,15.0,27.0,4.0,4.0,72.3
2026-07-17 15:27:07,72.3,71.7,70.5,70.3,70.2,70.0,70.755,0.7740406248310072,72.3,70.2,0.5999999999999943,71.81190154178873,71.00906232857037,0.8028392132183626,27.700000000000003,55.96313717528182,0.46442437489859995,46.16666666666711,1.9960192662204448,97.4,85.8,15.0,27.0,7.0,4.0,73.19999999999999
2026-07-17 15:27:10,73.19999999999999,72.3,71.5,70.3,70.2,70.0,71.05499999999999,1.0626094714846157,73.19999999999999,70.2,0.8999999999999915,72.50595077089436,71.40741463246665,1.0985361384277041,26.80000000000001,77.78301331267386,0.956348524336145,29.777777777778073,2.018615547443905,60.35,85.8,15.0,27.0,10.0,4.0,74.1
2026-07-17 15:27:13,74.1,73.19999999999999,71.7,70.5,70.2,70.0,71.44500000000001,1.3817159219205895,74.1,70.25,0.9000000000000057,73.30297538544718,71.89697560838181,1.4059997770653752,25.900000000000006,102.38514981431567,1.2435443297285385,28.7777777777776,1.9215237791495727,23.3,85.8,15.0,27.0,13.0,4.0,74.6
2026-07-17 15:27:16,74.6,74.1,72.3,71.5,70.25,70.1,71.88,1.6267213105576053,74.6,70.3,0.5,73.95148769272359,72.38843458867602,1.5630531040475688,25.400000000000006,121.35340976759734,0.8133606552788026,50.80000000000001,1.6720749782687983,69.7,85.8,15.0,27.0,16.0,4.0,72.4
2026-07-17 15:27:19,72.4,74.6,73.19999999999999,71.7,70.3,70.1,72.09,1.5329347307987211,74.6,70.3,-2.1999999999999886,73.1757438463618,72.39053739073492,0.7852064556268772,27.599999999999994,110.98447450982742,-3.372456407757169,551.9999999999999,0.20222648347100838,81.5,85.8,15.0,27.0,19.0,4.0,71.1
2026-07-17 15:27:22,71.1,72.4,74.1,72.3,70.3,70.1,72.17,1.4476417604734735,74.6,70.3,-1.3000000000000114,72.1378719231809,72.15589422878311,-0.018022305602215738,28.900000000000006,102.92732916966396,-1.881934288615532,578.0000000000001,-0.7391331399904127,72.4,85.8,15.0,27.0,22.0,4.0,70.6
2026-07-17 15:27:25,70.6,71.1,74.6,73.19999999999999,70.3,70.1,72.2,1.407124727947056,74.6,70.5,-0.5,71.36893596159044,71.87300436900435,-0.5040684074139108,29.400000000000006,99.34300579306215,-0.703562363973528,588.0000000000001,-1.1370704872299064,81.1,85.8,15.0,27.0,25.0,4.0,70.1
2026-07-17 15:27:28,70.1,70.6,72.4,74.1,70.5,70.1,72.16,1.4653023957911169,74.6,70.1,-0.5,70.73446798079522,71.55063993827628,-0.8161719574810604,29.900000000000006,102.71769794495728,-0.7326511978955584,598.0000000000001,-1.4058531576260804,76.2,85.8,15.0,27.0,28.0,4.0,70.1
2026-07-17 15:27:31,70.1,70.1,71.1,74.6,71.5,70.2,72.02,1.5963848046271623,74.6,70.1,0.0,70.4172339903976,71.28688722222604,-0.8696532318284369,29.900000000000006,111.90657480436407,0.0,598.0000000000001,-1.2027175367961613,57.2,85.8,15.0,27.0,31.0,4.0,69.8
2026-07-17 15:27:34,69.8,70.1,70.6,72.4,71.7,70.2,71.83,1.7448654835131534,74.6,69.8,-0.29999999999999716,70.1086169951988,71.0165440909122,-0.9079270957134042,30.200000000000003,121.79161074921811,-0.523459645053941,604.0,-1.1634134660700326,62.5,85.8,15.0,27.0,34.0,4.0,69.5
2026-07-17 15:27:37,69.5,69.8,70.1,71.1,72.3,70.2,71.55,1.8804550276757777,74.6,69.5,-0.29999999999999716,69.80430849759941,70.74080880165543,-0.9365003040560254,30.5,130.69162442346655,-0.564136508302728,610.0,-1.090161673546522,60.9,85.8,15.0,27.0,37.0,4.0,69.5
2026-07-17 15:27:40,69.5,69.5,70.1,70.6,73.19999999999999,70.2,71.17999999999999,1.8837315213279207,74.6,69.5,0.0,69.6521542487997,70.51520720135444,-0.8630529525547388,30.5,130.9193407322905,0.0,610.0,-0.8918468375024541,63.3,85.8,15.0,27.0,40.0,4.0,69.5
2026-07-17 15:27:43,69.5,69.5,69.8,70.1,74.1,70.2,70.72,1.636934804919079,74.6,69.5,0.0,69.57607712439986,70.33062407383545,-0.7545469494355928,30.5,113.766968941876,0.0,610.0,-0.7452954120920587,56.4,85.8,15.0,27.0,43.0,4.0,69.4
2026-07-17 15:27:46,69.4,69.5,69.5,70.1,74.6,70.25,70.19999999999999,0.9486832980504305,72.4,69.4,-0.09999999999999432,69.48803856219993,70.16141969677446,-0.6733811345745266,30.599999999999994,65.83862088469988,-0.09486832980503766,611.9999999999999,-0.8432740427116239,42.6,85.8,15.0,27.0,46.0,4.0,69.3
2026-07-17 15:27:49,69.3,69.4,69.5,69.8,72.4,70.3,69.89,0.5877452206902546,71.1,69.3,-0.10000000000000853,69.39401928109996,70.00479793372455,-0.6107786526245889,30.700000000000003,40.73074379383464,-0.05877452206903047,614.0,-1.003836320960808,45.3,85.8,15.0,27.0,49.0,4.0,69.2
2026-07-17 15:27:52,69.2,69.3,69.5,69.5,71.1,70.3,69.69999999999999,0.4422166387137852,70.6,69.2,-0.09999999999999432,69.29700964054999,69.85847103668371,-0.5614613961337227,30.799999999999997,30.601391398993936,-0.04422166387137601,615.9999999999999,-1.130667542167267,45.4,85.8,15.0,27.0,52.0,4.0,68.5
2026-07-17 15:27:55,68.5,69.2,69.4,69.5,70.6,70.3,69.49,0.4653553003408112,70.1,68.5,-0.7000000000000028,68.898504820275,69.61147630274121,-0.7129714824662159,31.5,31.876838073345567,-0.32574871023856916,630.0,-2.1274067347571863,42.8,85.8,15.0,27.0,55.0,4.0,68.7
2026-07-17 15:27:58,68.7,68.5,69.3,69.5,70.1,70.5,69.35,0.471993408616566,70.1,68.5,0.20000000000000284,68.7992524101375,69.44575333860644,-0.6465009284689387,31.299999999999997,32.425947171958086,0.09439868172331455,156.49999999999775,-1.3771378755164627,41.3,85.8,15.0,27.0,58.0,4.0,68.3
2026-07-17 15:28:01,68.3,68.7,69.2,69.4,70.1,71.5,69.16999999999999,0.496767327606652,69.8,68.3,-0.4000000000000057,68.54962620506875,69.23743454976889,-0.6878083447001444,31.700000000000003,33.92920847553433,-0.19870693104266363,634.0,-1.7513229064228428,24.0,85.7,15.0,28.0,1.0,4.0,68.3
2026-07-17 15:28:04,68.3,68.3,68.5,69.3,69.8,71.7,69.02000000000001,0.5116422361156562,69.5,68.3,0.0,68.42481310253437,69.06699190435636,-0.6421788018219843,31.700000000000003,34.94516472669932,0.0,634.0,-1.4072333149549794,27.4,85.7,15.0,28.0,4.0,4.0,68.3
2026-07-17 15:28:07,68.3,68.3,68.7,69.2,69.5,72.3,68.9,0.5270462766943799,69.5,68.3,0.0,68.36240655126718,68.92753883083701,-0.5651322795698235,31.700000000000003,35.99726069822614,0.0,634.0,-1.1384199576613887,25.8,85.7,15.0,28.0,7.0,4.0,68.3
2026-07-17 15:28:10,68.3,68.3,68.3,68.5,69.5,73.19999999999999,68.78,0.5116422361156158,69.5,68.3,0.0,68.33120327563358,68.81344086159392,-0.48223758596033406,31.700000000000003,34.945164726696554,0.0,634.0,-0.9381555433033844,26.6,85.7,15.0,28.0,10.0,4.0,68.3
2026-07-17 15:28:13,68.3,68.3,68.3,68.7,69.5,74.1,68.66,0.46236109025021205,69.4,68.3,0.0,68.3156016378168,68.72008797766775,-0.40448633985094773,31.700000000000003,31.57926246408948,0.0,634.0,-0.7786122309841887,27.4,85.7,15.0,28.0,13.0,4.0,68.3
2026-07-17 15:28:16,68.3,68.3,68.3,68.3,69.4,74.6,68.55,0.3922867431974395,69.3,68.3,0.0,68.30780081890839,68.64370834536452,-0.33590752645612554,31.700000000000003,26.793184560385118,0.0,634.0,-0.6372889329940319,26.9,85.7,15.0,28.0,16.0,4.0,68.1
2026-07-17 15:28:19,68.1,68.3,68.3,68.3,69.3,72.4,68.42999999999999,0.3128720008061302,69.2,68.1,-0.20000000000000284,68.20390040945419,68.54485228257096,-0.3409518731167651,31.900000000000006,21.306583254897465,-0.06257440016122692,638.0000000000001,-1.0547444295102693,12.9,85.7,15.0,28.0,19.0,4.0,68.1
2026-07-17 15:28:22,68.1,68.1,68.3,68.3,69.2,71.1,68.32000000000001,0.17511900715280831,68.7,68.1,0.0,68.15195020472709,68.46397004937623,-0.3120198446491429,31.900000000000006,11.925604387106246,0.0,638.0000000000001,-1.2562885295942876,11.6,85.7,15.0,28.0,22.0,4.0,68.1
2026-07-17 15:28:25,68.1,68.1,68.3,68.3,68.5,70.6,68.28,0.17511900715278525,68.7,68.1,0.0,68.12597510236354,68.39779367676236,-0.2718185743988215,31.900000000000006,11.925604387104675,0.0,638.0000000000001,-1.0278724333045304,12.4,85.7,15.0,28.0,25.0,4.0,68.1
2026-07-17 15:28:28,68.1,68.1,68.1,68.3,68.7,70.1,68.22,0.10327955589642981,68.3,68.1,0.0,68.11298755118176,68.34364937189648,-0.2306618207147153,31.900000000000006,7.03333775654687,0.0,638.0000000000001,-1.1618950038896587,12.7,85.7,15.0,28.0,28.0,4.0,68.1
2026-07-17 15:28:31,68.1,68.1,68.1,68.3,68.3,70.1,68.2,0.10540925533653919,68.3,68.1,0.0,68.10649377559088,68.29934948609711,-0.19285571050623673,31.900000000000006,7.178370288418319,0.0,638.0000000000001,-0.9486832980722557,11.1,85.7,15.0,28.0,31.0,4.0,68.0
2026-07-17 15:28:34,68.0,68.1,68.1,68.1,68.3,69.8,68.16999999999999,0.11595018087062134,68.3,68.0,-0.09999999999999432,68.05324688779544,68.24492230680673,-0.1916754190112897,32.0,7.884612299202251,-0.011595018087061475,640.0,-1.4661469151969295,4.3,85.7,15.0,28.0,34.0,4.0,68.0
2026-07-17 15:28:37,68.0,68.0,68.1,68.1,68.3,69.5,68.14,0.11737877907550488,68.3,68.0,0.0,68.02662344389772,68.20039097829641,-0.1737675343986922,32.0,7.981756977134332,0.0,640.0,-1.1927198519414177,3.8,85.7,15.0,28.0,37.0,4.0,68.0
2026-07-17 15:28:40,68.0,68.0,68.1,68.1,68.3,69.5,68.10999999999999,0.11005049345906104,68.3,68.0,0.0,68.01331172194887,68.16395625496979,-0.15064453302092318,32.0,7.48343355521615,0.0,640.0,-0.9995411791670467,3.9,85.7,15.0,28.0,40.0,4.0,68.0
2026-07-17 15:28:43,68.0,68.0,68.0,68.1,68.3,69.5,68.08,0.09189365834435763,68.3,68.0,0.0,68.00665586097443,68.13414602679346,-0.12749016581902595,32.0,6.248768767416319,0.0,640.0,-0.8705715001595687,4.5,85.7,15.0,28.0,43.0,4.0,68.0
2026-07-17 15:28:46,68.0,68.0,68.0,68.1,68.3,69.4,68.05,0.05270462766433574,68.1,68.0,0.0,68.00332793048722,68.10975584010373,-0.10642790961651372,32.0,3.5839146811748304,0.0,640.0,-0.9486832981429303,3.3,85.7,15.0,28.0,46.0,4.0,68.0
2026-07-17 15:28:49,68.0,68.0,68.0,68.0,68.1,69.3,68.03999999999999,0.05163977794416878,68.1,68.0,0.0,68.00166396524361,68.08980023281214,-0.08813626756852955,32.0,3.511504900203477,0.0,640.0,-0.7745966693202809,0.5,85.7,15.0,28.0,49.0,4.0,68.0
2026-07-17 15:28:52,68.0,68.0,68.0,68.0,68.1,69.2,68.03,0.0483045891483179,68.1,68.0,0.0,68.0008319826218,68.07347291775538,-0.0726409351335775,32.0,3.2847120620856174,0.0,640.0,-0.6210590034807453,0.2,85.7,15.0,28.0,52.0,4.0,68.0
2026-07-17 15:28:55,68.0,68.0,68.0,68.0,68.1,68.5,68.02000000000001,0.04216370212908755,68.1,68.0,0.0,68.0004159913109,68.06011420543622,-0.05969821412531928,32.0,2.8671317447779536,0.0,640.0,-0.4743416490985215,0.1,85.7,15.0,28.0,55.0,4.0,68.0
2026-07-17 15:28:58,68.0,68.0,68.0,68.0,68.1,68.7,68.01,0.03162277659299867,68.1,68.0,0.0,68.00020799565544,68.04918434990236,-0.04897635424691771,32.0,2.1503488083239093,0.0,640.0,-0.31622776610385095,0.2,85.7,15.0,28.0,58.0,4.0,68.0
2026-07-17 15:29:01,68.0,68.0,68.0,68.0,68.1,68.3,68.0,0.0,68.0,68.0,0.0,68.00010399782772,68.0402417408292,-0.04013774300148043,32.0,0.0,0.0,640.0,0.0,0.9,85.7,15.0,29.0,1.0,4.0,68.0
2026-07-17 15:29:04,68.0,68.0,68.0,68.0,68.0,68.3,68.0,0.0,68.0,68.0,0.0,68.00005199891386,68.03292506067844,-0.03287306176457605,32.0,0.0,0.0,640.0,0.0,3.8,85.7,15.0,29.0,4.0,4.0,68.0
2026-07-17 15:29:07,68.0,68.0,68.0,68.0,68.0,68.3,68.0,0.0,68.0,68.0,0.0,68.00002599945694,68.02693868600963,-0.02691268655269141,32.0,0.0,0.0,640.0,0.0,4.3,85.7,15.0,29.0,7.0,4.0,68.0
2026-07-17 15:29:10,68.0,68.0,68.0,68.0,68.0,68.3,68.0,0.0,68.0,68.0,0.0,68.00001299972847,68.02204074309878,-0.02202774337031599,32.0,0.0,0.0,640.0,0.0,3.0,85.7,15.0,29.0,10.0,4.0,68.0
2026-07-17 15:29:13,68.0,68.0,68.0,68.0,68.0,68.3,68.0,0.0,68.0,68.0,0.0,68.00000649986424,68.01803333526264,-0.018026835398401886,32.0,0.0,0.0,640.0,0.0,2.8,85.7,15.0,29.0,13.0,4.0,68.0
2026-07-17 15:29:16,68.0,68.0,68.0,68.0,68.0,68.3,68.0,0.0,68.0,68.0,0.0,68.00000324993212,68.01475454703306,-0.014751297100943361,32.0,0.0,0.0,640.0,0.0,3.7,85.7,15.0,29.0,16.0,4.0,68.1
2026-07-17 15:29:19,68.1,68.0,68.0,68.0,68.0,68.1,68.01,0.03162277659299867,68.1,68.0,0.09999999999999432,68.05000162496606,68.03025372029977,0.019747904666289173,31.900000000000006,2.1535110859832094,0.003162277659299687,319.0000000000182,2.846049894932861,12.4,85.7,15.0,29.0,19.0,4.0,68.1
2026-07-17 15:29:22,68.1,68.1,68.0,68.0,68.0,68.1,68.02000000000001,0.04216370212908755,68.1,68.0,0.0,68.07500081248303,68.04293486206345,0.032065950419578826,31.900000000000006,2.871348114990862,0.0,638.0000000000001,1.897366596392738,14.3,85.7,15.0,29.0,22.0,4.0,68.1
2026-07-17 15:29:25,68.1,68.1,68.0,68.0,68.0,68.1,68.03,0.04830458914831791,68.1,68.0,0.0,68.0875004062415,68.05331034168827,0.03419006455322915,31.900000000000006,3.2895425210004494,0.0,638.0000000000001,1.4491376747882092,14.1,85.7,15.0,29.0,25.0,4.0,68.1
2026-07-17 15:29:28,68.1,68.1,68.1,68.0,68.0,68.1,68.03999999999999,0.05163977794416639,68.1,68.0,0.0,68.09375020312075,68.06179937047222,0.03195083264853338,31.900000000000006,3.5166688779977306,0.0,638.0000000000001,1.1618950039807505,13.3,85.7,15.0,29.0,28.0,4.0,68.1
2026-07-17 15:29:31,68.1,68.1,68.1,68.0,68.0,68.1,68.05,0.05270462766433055,68.1,68.0,0.0,68.09687510156037,68.06874493947726,0.028130162083115806,31.900000000000006,3.5891851439409104,0.0,638.0000000000001,0.9486832981430238,13.6,85.7,15.0,29.0,31.0,4.0,68.3
2026-07-17 15:29:34,68.3,68.1,68.1,68.1,68.0,68.0,68.08,0.09189365834434975,68.3,68.0,0.20000000000000284,68.19843755078018,68.11079131411775,0.08764623666243665,31.700000000000003,6.276336864919087,0.01837873166887021,158.49999999999775,2.394071625439058,26.7,85.7,15.0,29.0,34.0,4.0,68.3
2026-07-17 15:29:37,68.3,68.3,68.1,68.1,68.0,68.0,68.10999999999999,0.11005049345905037,68.3,68.0,0.0,68.24921877539009,68.14519289336906,0.10402588202103402,31.700000000000003,7.51644870325314,0.0,634.0,1.7264802185617703,26.5,85.7,15.0,29.0,37.0,4.0,68.3
2026-07-17 15:29:40,68.3,68.3,68.1,68.1,68.0,68.0,68.14,0.11737877907549224,68.3,68.0,0.0,68.27460938769505,68.17333964002923,0.10126974766582464,31.700000000000003,8.01697061085612,0.0,634.0,1.3631084022188753,25.3,85.7,15.0,29.0,40.0,4.0,68.3
2026-07-17 15:29:43,68.3,68.3,68.3,68.1,68.0,68.0,68.16999999999999,0.11595018087060573,68.3,68.0,0.0,68.28730469384752,68.19636879638755,0.09093589745997122,31.700000000000003,7.9193973534623705,0.0,634.0,1.1211711704450276,25.5,85.7,15.0,29.0,43.0,4.0,68.4
2026-07-17 15:29:46,68.4,68.3,68.3,68.1,68.0,68.0,68.21,0.11972189997165825,68.4,68.1,0.10000000000000853,68.34365234692376,68.23339265158981,0.11025969533395141,31.599999999999994,8.188977958061425,0.011972189997166845,315.999999999973,1.587011232238969,20.5,85.7,15.0,29.0,46.0,4.0,68.6
2026-07-17 15:29:49,68.6,68.4,68.3,68.3,68.1,68.0,68.25999999999999,0.16465452046819576,68.6,68.1,0.19999999999998863,68.47182617346188,68.30004853311893,0.1717776403429525,31.400000000000006,11.295300104118228,0.03293090409363728,157.00000000000895,2.0649296419752834,40.6,85.7,15.0,29.0,49.0,4.0,68.6
2026-07-17 15:29:52,68.6,68.6,68.3,68.3,68.1,68.0,68.31,0.18529256146117618,68.6,68.1,0.0,68.53591308673094,68.35458516346094,0.18132792327000402,31.400000000000006,12.711069716236684,0.0,628.0000000000001,1.565092509451627,41.5,85.7,15.0,29.0,52.0,4.0,68.5
2026-07-17 15:29:55,68.5,68.6,68.4,68.3,68.1,68.0,68.35,0.177951304199169,68.6,68.1,-0.09999999999999432,68.51795654336547,68.38102422464986,0.1369323187156084,31.5,12.189664337643077,-0.017795130419915886,630.0,0.8429272304299648,43.0,85.7,15.0,29.0,55.0,4.0,68.5
2026-07-17 15:29:58,68.5,68.5,68.6,68.3,68.1,68.0,68.39,0.15951314818525297,68.6,68.1,0.0,68.50897827168274,68.40265618380444,0.10632208787829711,31.5,10.92665065068983,0.0,630.0,0.6895983262285645,43.3,85.7,15.0,29.0,58.0,4.0,68.5
2026-07-17 15:30:01,68.5,68.5,68.6,68.4,68.1,68.0,68.42999999999999,0.1251665557015916,68.6,68.3,0.0,68.50448913584137,68.42035505947636,0.08413407636500381,31.5,8.573909065559025,0.0,630.0,0.5592548233642677,44.1,85.7,15.0,30.0,1.0,4.0,68.7
2026-07-17 15:30:04,68.7,68.5,68.5,68.6,68.3,68.0,68.47,0.14181364923959514,68.7,68.3,0.20000000000000284,68.60224456792068,68.47119959411702,0.13104497380365387,31.299999999999997,9.742597702760186,0.02836272984791943,156.49999999999775,1.62184670681041,59.9,85.7,15.0,30.0,4.0,4.0,68.7
2026-07-17 15:30:07,68.7,68.7,68.5,68.6,68.3,68.0,68.51,0.14491376746032822,68.7,68.3,0.0,68.65112228396035,68.51279966791392,0.13832261604642326,31.299999999999997,9.95557582452455,0.0,625.9999999999999,1.3111245627646273,64.9,85.7,15.0,30.0,7.0,4.0,68.7
2026-07-17 15:30:10,68.7,68.7,68.5,68.5,68.3,68.0,68.55,0.13540064007561084,68.7,68.3,0.0,68.67556114198018,68.54683609192958,0.12872505005060475,31.299999999999997,9.302023973194466,0.0,625.9999999999999,1.1078234188275788,63.8,85.7,15.0,30.0,10.0,4.0,68.7
2026-07-17 15:30:13,68.7,68.7,68.7,68.5,68.3,68.0,68.59,0.11005049345944798,68.7,68.4,0.0,68.6877805709901,68.5746840752151,0.1130964957749967,31.299999999999997,7.560468900664077,0.0,625.9999999999999,0.9995411791636614,62.3,85.7,15.0,30.0,13.0,4.0,68.7
2026-07-17 15:30:16,68.7,68.7,68.7,68.5,68.4,68.0,68.61999999999999,0.09189365834487721,68.7,68.5,0.0,68.69389028549506,68.59746878881236,0.0964214966826944,31.299999999999997,6.313094328293065,0.0,625.9999999999999,0.870571500154801,65.4,85.7,15.0,30.0,16.0,4.0,68.8
2026-07-17 15:30:19,68.8,68.7,68.7,68.7,68.6,68.1,68.64000000000001,0.10749676997528075,68.8,68.5,0.09999999999999432,68.74694514274753,68.63429264539194,0.11265249735559735,31.200000000000003,7.395777774299315,0.010749676997527465,312.0000000000178,1.4884168150984902,74.0,85.7,15.0,30.0,19.0,4.0,68.8
2026-07-17 15:30:22,68.8,68.8,68.7,68.7,68.6,68.1,68.66,0.11737877907587335,68.8,68.5,0.0,68.77347257137376,68.66442125532068,0.10905131605308327,31.200000000000003,8.075660000420086,0.0,624.0,1.1927198519376736,78.5,85.7,15.0,30.0,22.0,4.0,68.8
2026-07-17 15:30:25,68.8,68.8,68.7,68.7,68.5,68.1,68.69,0.11005049345949967,68.8,68.5,0.0,68.78673628568689,68.68907193617146,0.09766434951542635,31.200000000000003,7.571473950013577,0.0,624.0,0.9995411791631919,77.4,85.7,15.0,30.0,25.0,4.0,68.8
2026-07-17 15:30:28,68.8,68.8,68.8,68.7,68.5,68.1,68.72,0.09189365834493912,68.8,68.5,0.0,68.79336814284343,68.70924067504937,0.08412746779406177,31.200000000000003,6.322283694131811,0.0,624.0,0.8705715001540599,76.6,85.7,15.0,30.0,28.0,4.0,68.8
2026-07-17 15:30:31,68.8,68.8,68.8,68.7,68.5,68.1,68.75,0.05270462766544759,68.8,68.7,0.0,68.79668407142171,68.72574237049494,0.07094170092676677,31.200000000000003,3.626078383382794,0.0,624.0,0.9486832981229171,77.3,85.7,15.0,30.0,31.0,4.0,68.9
2026-07-17 15:30:34,68.9,68.8,68.8,68.8,68.7,68.3,68.77,0.06749485576793321,68.9,68.7,0.10000000000000853,68.84834203571086,68.7574255758595,0.09091645985135699,31.099999999999994,4.650395562410599,0.006749485576793897,310.99999999997345,1.9260727135559363,84.7,85.7,15.0,30.0,34.0,4.0,68.9
2026-07-17 15:30:37,68.9,68.9,68.8,68.8,68.7,68.3,68.79,0.0737864787344244,68.9,68.7,0.0,68.87417101785543,68.7833481984305,0.09082281942492898,31.099999999999994,5.083888384801842,0.0,621.9999999999999,1.4907880398509916,91.7,85.7,15.0,30.0,37.0,4.0,68.9
2026-07-17 15:30:40,68.9,68.9,68.8,68.8,68.7,68.3,68.81,0.07378647873444162,68.9,68.7,0.0,68.88708550892773,68.80455761689768,0.0825278920300434,31.099999999999994,5.0838883848030285,0.0,621.9999999999999,1.219735668968761,91.5,85.7,15.0,30.0,40.0,4.0,68.9
2026-07-17 15:30:43,68.9,68.9,68.9,68.8,68.7,68.3,68.83000000000001,0.0674948557679897,68.9,68.7,0.0,68.89354275446387,68.82191077746174,0.0716319770021272,31.099999999999994,4.6503955624144915,0.0,621.9999999999999,1.0371160765290732,91.0,85.7,15.0,30.0,43.0,4.0,68.9
2026-07-17 15:30:46,68.9,68.9,68.9,68.8,68.7,68.4,68.85,0.05270462766556817,68.9,68.8,0.0,68.89677137723194,68.83610881792323,0.06066255930871023,31.099999999999994,3.631348846157647,0.0,621.9999999999999,0.9486832981210163,90.5,85.7,15.0,30.0,46.0,4.0,68.9
2026-07-17 15:30:49,68.9,68.9,68.9,68.9,68.8,68.6,68.86000000000001,0.051639777945458334,68.9,68.8,0.0,68.89838568861597,68.84772539648264,0.050660292133329676,31.099999999999994,3.5579807004420796,0.0,621.9999999999999,0.7745966693009376,93.5,85.7,15.0,30.0,49.0,4.0,68.9
2026-07-17 15:30:52,68.9,68.9,68.9,68.9,68.8,68.6,68.87,0.04830458914972951,68.9,68.8,0.0,68.89919284430799,68.85722986984943,0.041962974458556346,31.099999999999994,3.3281861924163634,0.0,621.9999999999999,0.621059003462596,100.0,85.7,15.0,30.0,52.0,4.0,68.9
2026-07-17 15:30:55,68.9,68.9,68.9,68.9,68.8,68.5,68.88000000000001,0.04216370213073924,68.9,68.8,0.0,68.89959642215399,68.86500625714953,0.03459016500445955,31.099999999999994,2.905079076807934,0.0,621.9999999999999,0.47434164907960297,100.0,85.7,15.0,30.0,55.0,4.0,68.9
2026-07-17 15:30:58,68.9,68.9,68.9,68.9,68.8,68.5,68.89,0.03162277659524639,68.9,68.8,0.0,68.899798211077,68.87136875584962,0.02842945522738205,31.099999999999994,2.1788093074124766,0.0,621.9999999999999,0.3162277660813737,100.0,85.7,15.0,30.0,58.0,4.0,68.8
2026-07-17 15:31:01,68.8,68.9,68.9,68.9,68.8,68.5,68.89000000000001,0.03162277659524639,68.9,68.8,-0.10000000000000853,68.8498991055385,68.85839261842241,-0.00849351288391631,31.200000000000003,2.1756470297529518,-0.003162277659524909,624.0,-2.8460498947314647,100.0,85.7,15.0,31.0,1.0,4.0,68.7
2026-07-17 15:31:04,68.7,68.8,68.9,68.9,68.9,68.7,68.87,0.0674948557680252,68.9,68.7,-0.09999999999999432,68.77494955276924,68.82959396052743,-0.05464440775818957,31.299999999999997,4.636896591263332,-0.006749485576802137,625.9999999999999,-2.5187104715695527,91.2,85.7,15.0,31.0,4.0,4.0,68.4
2026-07-17 15:31:07,68.4,68.7,68.9,68.9,68.9,68.7,68.82000000000001,0.16193277068526749,68.9,68.4,-0.29999999999999716,68.58747477638462,68.75148596770427,-0.16401119131964492,31.599999999999994,11.076201514872297,-0.048579831205579786,631.9999999999999,-2.593668954237272,91.3,85.7,15.0,31.0,7.0,4.0,68.3
2026-07-17 15:31:10,68.3,68.4,68.8,68.9,68.9,68.7,68.76,0.22705848487809144,68.9,68.3,-0.10000000000000853,68.44373738819232,68.66939760993985,-0.22566022174753186,31.700000000000003,15.508094517173644,-0.02270584848781108,634.0,-2.0259097573340354,89.4,85.7,15.0,31.0,10.0,4.0,68.3
2026-07-17 15:31:13,68.3,68.3,68.7,68.9,68.9,68.7,68.7,0.26246692913291125,68.9,68.3,0.0,68.37186869409615,68.6022344081326,-0.23036571403645212,31.700000000000003,17.926491259777837,0.0,634.0,-1.5240015240070444,89.9,85.7,15.0,31.0,13.0,4.0,68.3
2026-07-17 15:31:16,68.3,68.3,68.4,68.8,68.9,68.7,68.64000000000001,0.27968235951126197,68.9,68.3,0.0,68.33593434704807,68.54728269756303,-0.21134835051496736,31.700000000000003,19.10230515461919,0.0,634.0,-1.2156648012915767,89.8,85.7,15.0,31.0,16.0,4.0,68.2
2026-07-17 15:31:19,68.2,68.3,68.3,68.7,68.9,68.8,68.57,0.29458068126971987,68.9,68.2,-0.09999999999999432,68.26796717352403,68.48414038891521,-0.21617321539117995,31.799999999999997,20.090402462594895,-0.029458068126970313,635.9999999999999,-1.256022623089856,77.6,85.7,15.0,31.0,19.0,4.0,68.2
2026-07-17 15:31:22,68.2,68.2,68.3,68.4,68.9,68.8,68.5,0.29059326290192616,68.9,68.2,0.0,68.23398358676201,68.43247850002153,-0.1984949132595233,31.799999999999997,19.818460529911366,0.0,635.9999999999999,-1.0323708024203084,78.1,85.7,15.0,31.0,22.0,4.0,68.2
2026-07-17 15:31:25,68.2,68.2,68.3,68.3,68.9,68.8,68.42999999999999,0.26687491868243124,68.9,68.2,0.0,68.216991793381,68.3902096818358,-0.17321788845480057,31.799999999999997,18.200869454141813,0.0,635.9999999999999,-0.8618269604933504,78.3,85.7,15.0,31.0,25.0,4.0,68.2
2026-07-17 15:31:28,68.2,68.2,68.2,68.3,68.9,68.8,68.36,0.21705094128022748,68.8,68.2,0.0,68.2084958966905,68.35562610332019,-0.1471302066296971,31.799999999999997,14.802874195311514,0.0,635.9999999999999,-0.7371541402044681,78.3,85.7,15.0,31.0,28.0,4.0,68.3
2026-07-17 15:31:31,68.3,68.2,68.2,68.3,68.8,68.8,68.30999999999999,0.15238839267390983,68.7,68.2,0.09999999999999432,68.25424794834524,68.34551226635288,-0.09126431800764578,31.700000000000003,10.40812721962804,0.015238839267390116,317.0000000000181,-0.06562179588959592,77.1,85.7,15.0,31.0,31.0,4.0,68.19999999999999
2026-07-17 15:31:34,68.19999999999999,68.3,68.2,68.2,68.7,68.9,68.26,0.06992058987450261,68.4,68.19999999999999,-0.10000000000000853,68.22712397417261,68.31905549065235,-0.09193151647973252,31.80000000000001,4.768584229441077,-0.006992058987450858,636.0000000000002,-0.8581163303643153,69.1,85.7,15.0,31.0,34.0,4.0,68.1
2026-07-17 15:31:37,68.1,68.19999999999999,68.2,68.2,68.4,68.9,68.23,0.06749485576739513,68.3,68.1,-0.09999999999999432,68.1635619870863,68.27922721962464,-0.1156652325383476,31.900000000000006,4.5963996777596074,-0.006749485576739129,638.0000000000001,-1.9260727135712914,61.1,85.7,15.0,31.0,37.0,4.0,68.1
2026-07-17 15:31:40,68.1,68.1,68.3,68.2,68.3,68.9,68.21,0.07378647873389775,68.3,68.1,0.0,68.13178099354315,68.24664045242015,-0.11485945887700666,31.900000000000006,5.024859201778437,0.0,638.0000000000001,-1.4907880398616322,61.9,85.7,15.0,31.0,40.0,4.0,68.1
2026-07-17 15:31:43,68.1,68.1,68.19999999999999,68.2,68.3,68.9,68.19,0.07378647873388053,68.3,68.1,0.0,68.11589049677157,68.21997855198012,-0.10408805520854969,31.900000000000006,5.0248592017772635,0.0,638.0000000000001,-1.2197356689780363,62.4,85.7,15.0,31.0,43.0,4.0,68.1
2026-07-17 15:31:46,68.1,68.1,68.1,68.3,68.3,68.9,68.16999999999999,0.06749485576733863,68.3,68.1,0.0,68.10794524838579,68.19816426980191,-0.09021902141611804,31.900000000000006,4.59639967775576,0.0,638.0000000000001,-1.0371160765390777,62.5,85.7,15.0,31.0,46.0,4.0,68.1
2026-07-17 15:31:49,68.1,68.1,68.1,68.19999999999999,68.2,68.9,68.16,0.06992058987441127,68.3,68.1,0.0,68.10397262419289,68.180316220747,-0.0763435965541106,31.900000000000006,4.761592170447408,0.0,638.0000000000001,-0.858116330365233,63.1,85.7,15.0,31.0,49.0,4.0,67.9
2026-07-17 15:31:52,67.9,68.1,68.1,68.1,68.2,68.9,68.13,0.10593499054473658,68.3,67.9,-0.19999999999998863,68.00198631209645,68.12934963515664,-0.1273633230601945,32.099999999999994,7.1929858579876145,-0.02118699810894611,641.9999999999999,-2.1711428756191777,45.4,85.7,15.0,31.0,52.0,4.0,67.9
2026-07-17 15:31:55,67.9,67.9,68.1,68.1,68.2,68.9,68.1,0.12472191289040302,68.3,67.9,0.0,67.95099315604823,68.0876497014918,-0.13665654544357153,32.099999999999994,8.468617885258366,0.0,641.9999999999999,-1.6035674515009626,45.5,85.7,15.0,31.0,55.0,4.0,67.9
2026-07-17 15:31:58,67.9,67.9,68.1,68.1,68.2,68.9,68.07000000000001,0.13374935098298296,68.3,67.9,0.0,67.92549657802411,68.05353157394784,-0.12803499592372702,32.099999999999994,9.081580931744544,0.0,641.9999999999999,-1.2710342050305048,45.2,85.7,15.0,31.0,58.0,4.0,67.9
2026-07-17 15:32:01,67.9,67.9,67.9,68.1,68.3,68.8,68.03,0.11595018087056802,68.19999999999999,67.9,0.0,67.91274828901206,68.02561674232095,-0.1128684533088915,32.099999999999994,7.8730172811115695,0.0,641.9999999999999,-1.1211711704452696,37.2,85.7,15.0,32.0,1.0,4.0,67.9
2026-07-17 15:32:04,67.9,67.9,67.9,68.1,68.19999999999999,68.7,68.0,0.10540925533642143,68.1,67.9,0.0,67.90637414450603,68.00277733462623,-0.09640319012019916,32.099999999999994,7.1572884373430155,0.0,641.9999999999999,-0.9486832980731809,39.9,85.7,15.0,32.0,4.0,4.0,67.8
2026-07-17 15:32:07,67.8,67.9,67.9,67.9,68.1,68.4,67.97,0.11595018087052206,68.1,67.8,-0.10000000000000853,67.85318707225301,67.96590872833055,-0.11272165607753948,32.2,7.861422263021395,-0.011595018087053195,644.0,-1.4661469151983073,21.6,85.7,15.0,32.0,7.0,4.0,67.8
2026-07-17 15:32:10,67.8,67.8,67.9,67.9,68.1,68.3,67.94,0.11737877907541343,68.1,67.8,0.0,67.8265935361265,67.93574350499772,-0.10914996887122186,32.2,7.9582812213130305,0.0,644.0,-1.192719851942347,19.8,85.7,15.0,32.0,10.0,4.0,67.8
2026-07-17 15:32:13,67.8,67.8,67.9,67.9,68.1,68.3,67.91,0.1100504934589695,68.1,67.8,0.0,67.81329676806325,67.91106286772539,-0.09776609966213812,32.2,7.461423456518132,0.0,644.0,-0.9995411791680071,14.1,85.7,15.0,32.0,13.0,4.0,67.6
2026-07-17 15:32:16,67.6,67.8,67.8,67.9,68.1,68.3,67.86,0.1264911064045285,68.1,67.6,-0.20000000000000284,67.70664838403162,67.85450598268442,-0.14785759865279147,32.400000000000006,8.550798792946127,-0.02529822128090606,648.0000000000001,-2.0554804791453454,21.5,85.7,15.0,32.0,16.0,4.0,67.7
2026-07-17 15:32:19,67.7,67.6,67.8,67.9,68.1,68.2,67.82000000000001,0.10327955589612188,67.9,67.6,0.10000000000000853,67.70332419201581,67.8264139858327,-0.123089793816888,32.3,6.992025934167452,0.010327955589613068,322.99999999997243,-1.161895003893123,23.8,85.7,15.0,32.0,19.0,4.0,67.6
2026-07-17 15:32:22,67.6,67.7,67.8,67.8,67.9,68.2,67.78999999999999,0.11972189997139475,67.9,67.6,-0.10000000000000853,67.6516620960079,67.78524780659039,-0.13358571058249424,32.400000000000006,8.093200438066285,-0.011972189997140496,648.0000000000001,-1.587011232242343,12.2,85.7,15.0,32.0,22.0,4.0,67.6
2026-07-17 15:32:25,67.6,67.6,67.6,67.8,67.9,68.2,67.76,0.12649110640444677,67.9,67.6,0.0,67.62583104800395,67.75156638721032,-0.12573533920637203,32.400000000000006,8.5507987929406,0.0,648.0000000000001,-1.2649110640903212,6.3,85.7,15.0,32.0,25.0,4.0,67.7
2026-07-17 15:32:28,67.7,67.6,67.7,67.8,67.9,68.2,67.74000000000001,0.11737877907524208,67.9,67.6,0.10000000000000853,67.66291552400197,67.7421906804448,-0.0792751564428329,32.3,7.9465433433938895,0.011737877907525208,322.99999999997243,-0.34077710055550564,12.8,85.7,15.0,32.0,28.0,4.0,67.7
2026-07-17 15:32:31,67.7,67.7,67.6,67.6,67.9,68.3,67.72,0.10327955589601928,67.9,67.6,0.0,67.68145776200099,67.73451964763666,-0.05306188563567105,32.3,6.992025934160505,0.0,645.9999999999999,-0.193649167315667,12.9,85.7,15.0,32.0,31.0,4.0,67.7
2026-07-17 15:32:34,67.7,67.7,67.6,67.7,67.9,68.19999999999999,67.7,0.08164965808914497,67.8,67.6,0.0,67.6907288810005,67.72824334806636,-0.03751446706586137,32.3,5.527681852635115,0.0,645.9999999999999,0.0,11.6,85.7,15.0,32.0,34.0,4.0,67.6
2026-07-17 15:32:37,67.6,67.7,67.7,67.6,67.8,68.1,67.68,0.07888106377088096,67.8,67.6,-0.10000000000000853,67.64536444050024,67.70492637569065,-0.05956193519040198,32.400000000000006,5.332359910911553,-0.007888106377088769,648.0000000000001,-1.014185105722986,2.3,85.7,15.0,32.0,37.0,4.0,67.6
2026-07-17 15:32:40,67.6,67.6,67.7,67.6,67.8,68.1,67.66,0.06992058987371533,67.8,67.6,0.0,67.62268222025011,67.6858488528378,-0.06316663258768074,32.400000000000006,4.7266318754631556,0.0,648.0000000000001,-0.8581163303737742,3.7,85.7,15.0,32.0,40.0,4.0,67.5
2026-07-17 15:32:43,67.5,67.6,67.7,67.7,67.8,68.1,67.63,0.06749485576655632,67.7,67.5,-0.09999999999999432,67.56134111012506,67.65205815232183,-0.09071704219677201,32.5,4.555902764242552,-0.006749485576655249,650.0,-1.9260727135950175,4.7,85.7,15.0,32.0,43.0,4.0,67.5
2026-07-17 15:32:46,67.5,67.5,67.6,67.7,67.6,68.1,67.61999999999999,0.07888106377079625,67.7,67.5,0.0,67.53067055506253,67.62441121553604,-0.09374066047351448,32.5,5.324471804528747,0.0,650.0,-1.5212776585857524,3.9,85.7,15.0,32.0,46.0,4.0,67.5
2026-07-17 15:32:49,67.5,67.5,67.6,67.7,67.7,68.1,67.6,0.08164965808900713,67.7,67.5,0.0,67.51533527753126,67.6017909945295,-0.08645571699823051,32.5,5.511351921007981,0.0,650.0,-1.2247448714480014,3.4,85.7,15.0,32.0,49.0,4.0,67.6
2026-07-17 16:00:34,70.6,75.2,75.2,75.5,69.1,67.7,73.68,2.4863181167698003,75.6,68.9,-4.6000000000000085,72.87449960708618,73.08404417045378,-0.20954456336760074,29.400000000000006,175.53405904394788,-11.437063337141103,588.0000000000001,-1.2387795347771176,0.6,85.7,16.0,0.0,34.0,4.0,70.6
2026-07-17 16:00:37,70.6,70.6,75.1,75.3,68.9,67.6,73.85,2.159861106645508,75.6,70.6,0.0,71.73724980354308,72.63239977582582,-0.8951499722827378,29.400000000000006,152.48619412917284,0.0,588.0000000000001,-1.5047263872664447,0.3,85.7,16.0,0.0,37.0,4.0,70.5
2026-07-22 17:27:22,64.9,64.7,64.8,64.94999999999999,65.9,63.7,65.045,0.4152977512847984,65.9,64.7,0.20000000000000284,64.83359413146972,64.98373659470333,-0.1501424632336068,35.099999999999994,26.952824058383417,0.08305955025696087,175.49999999999747,-0.34914708676223843,14.7,84.4,17.0,27.0,22.0,2.0,66.5
2026-07-22 17:27:25,66.5,64.9,64.8,64.8,65.9,63.7,65.10499999999999,0.5678663770837381,66.5,64.7,1.5999999999999943,65.66679706573487,65.25942085021181,0.40737621552305825,33.5,37.76311407606858,0.9085862033339778,20.937500000000075,2.4565638260958393,10.8,84.4,17.0,27.0,25.0,2.0,65.7
2026-07-22 17:27:28,65.7,66.5,64.7,64.8,65.7,63.7,65.10499999999999,0.5678663770837381,66.5,64.7,-0.7999999999999972,65.68339853286744,65.3395261501733,0.3438723826941441,34.3,37.3088209744016,-0.4542931016669889,685.9999999999999,1.047781703603617,16.8,84.4,17.0,27.0,28.0,2.0,65.8
2026-07-22 17:27:31,65.8,65.7,64.9,64.8,64.8,65.2,65.20500000000001,0.595562292665037,66.5,64.7,0.09999999999999432,65.74169926643373,65.42324866832361,0.3184505981101182,34.2,39.18799885735943,0.05955622926650032,342.0000000000195,0.9990558625487584,11.5,84.4,17.0,27.0,31.0,2.0,65.7
2026-07-22 17:27:34,65.7,65.8,66.5,64.7,65.1,66.0,65.265,0.613754384460459,66.5,64.7,-0.09999999999999432,65.72084963321686,65.47356709226477,0.24728254095208513,34.3,40.32366305905216,-0.061375438446042416,685.9999999999999,0.7087525743419386,10.6,84.4,17.0,27.0,34.0,2.0,65.9
2026-07-22 17:27:37,65.9,65.7,65.7,64.9,64.94999999999999,66.0,65.36,0.6328067986711584,66.5,64.7,0.20000000000000284,65.81042481660843,65.55110034821662,0.2593244683918101,34.099999999999994,41.70196803242934,0.1265613597342335,170.49999999999756,0.8533410215155104,18.3,84.4,17.0,27.0,37.0,2.0,65.8
2026-07-22 17:27:40,65.8,65.9,65.8,66.5,64.8,66.0,65.46000000000001,0.6131883886702346,66.5,64.7,-0.10000000000000853,65.80521240830421,65.59635483035905,0.20885757794516735,34.2,40.34779597450144,-0.06131883886702869,684.0,0.5544788620954092,11.6,84.4,17.0,27.0,40.0,2.0,65.7
2026-07-22 17:27:43,65.7,65.8,65.7,65.7,64.8,66.0,65.55,0.5700877125495707,66.5,64.7,-0.09999999999999432,65.7526062041521,65.6151994066574,0.1374067974947053,34.3,37.4547627145068,-0.05700877125495383,685.9999999999999,0.26311740579211795,9.2,84.4,17.0,27.0,43.0,2.0,65.7
2026-07-22 17:27:46,65.7,65.7,65.9,65.8,64.8,65.9,65.64,0.5059644256269458,66.5,64.7,0.0,65.72630310207606,65.63061769635605,0.09568540572000472,34.3,33.241862763690335,0.0,685.9999999999999,0.11858541225631752,10.5,84.4,17.0,27.0,46.0,2.0,65.7
2026-07-22 17:27:49,65.7,65.7,65.8,65.7,64.7,65.9,65.74000000000001,0.3835506630304792,66.5,64.9,0.0,65.71315155103804,65.64323266065496,0.06991889038307875,34.3,25.199278561102485,0.0,685.9999999999999,-0.10428869991766282,11.9,84.4,17.0,27.0,49.0,2.0,64.9
2026-07-22 17:27:52,64.9,65.7,65.7,65.9,64.9,65.9,65.74,0.3835506630304792,66.5,64.9,-0.7999999999999972,65.30657577551902,65.50809944962678,-0.2015236741077615,35.099999999999994,24.8924380306781,-0.30684053042438225,701.9999999999999,-2.1900626982705487,19.1,84.4,17.0,27.0,52.0,2.0,64.8
2026-07-22 17:27:55,64.8,64.9,65.7,65.8,66.5,65.9,65.57000000000001,0.38600518131237904,65.9,64.8,-0.10000000000000853,65.05328788775951,65.37935409514918,-0.3260662073896725,35.2,25.01313574904216,-0.0386005181312412,704.0,-1.9947918765807422,12.1,84.4,17.0,27.0,55.0,2.0,65.0
2026-07-22 17:27:58,65.0,64.8,65.7,65.7,65.7,65.7,65.5,0.42163702135578224,65.9,64.8,0.20000000000000284,65.02664394387975,65.31038062330387,-0.2837366794241234,35.0,27.406406388125845,0.08432740427115765,174.99999999999753,-1.185854122563147,14.9,84.4,17.0,27.0,58.0,2.0,65.0
2026-07-22 17:28:01,65.0,65.0,64.9,65.7,65.8,64.8,65.42,0.4341018825626522,65.9,64.8,0.0,65.01332197193987,65.25394778270316,-0.24062581076329081,35.0,28.21662236657239,0.0,700.0,-0.9675148090134918,15.6,84.4,17.0,28.0,1.0,2.0,65.5
2026-07-22 17:28:04,65.5,65.0,64.8,65.7,65.7,65.1,65.4,0.42426406871191996,65.9,64.8,0.5,65.25666098596994,65.2986845494844,-0.042023563514462126,34.5,27.78929650063076,0.21213203435595998,69.0,0.2357022603955072,11.3,84.4,17.0,28.0,4.0,2.0,66.0
2026-07-22 17:28:07,66.0,65.5,65.0,64.9,65.9,64.94999999999999,65.41,0.4383048152953642,66.0,64.8,0.5,65.62833049298497,65.42619644957816,0.20213404340681507,34.0,28.928117809494037,0.2191524076476821,68.0,1.3460951817342346,16.1,84.4,17.0,28.0,7.0,2.0,66.5
2026-07-22 17:28:10,66.5,66.0,65.0,64.8,65.8,64.8,65.47999999999999,0.5493430419854008,66.5,64.8,0.5,66.06416524649248,65.62143345874576,0.44273178774672317,33.5,36.531312292029156,0.2746715209927004,67.0,1.8567633009668982,7.0,84.4,17.0,28.0,10.0,2.0,65.5
2026-07-22 17:28:13,65.5,66.5,65.5,65.0,65.7,64.8,65.46,0.5440588203494132,66.5,64.8,-1.0,65.78208262324624,65.5993546480647,0.18272797518153538,34.5,35.63585273288657,-0.5440588203494132,690.0,0.07352146220939287,15.7,84.4,17.0,28.0,13.0,2.0,65.4
2026-07-22 17:28:16,65.4,65.5,66.0,65.0,65.7,64.8,65.43,0.5375872022286183,66.5,64.8,-0.09999999999999432,65.59104131162312,65.56310834841658,0.027932963206538375,34.599999999999994,35.15820302575164,-0.053758720222858776,691.9999999999999,-0.055804899885327094,2.9,84.4,17.0,28.0,16.0,2.0,65.4
2026-07-22 17:28:19,65.4,65.4,66.5,65.5,65.7,64.7,65.4,0.5291502622129104,66.5,64.8,0.0,65.49552065581156,65.53345228506811,-0.037931629256547694,34.599999999999994,34.60642714872434,0.0,691.9999999999999,0.0,2.5,84.4,17.0,28.0,19.0,2.0,65.4
2026-07-22 17:28:22,65.4,65.4,65.5,66.0,64.9,64.9,65.45,0.49944413545905136,66.5,64.8,0.0,65.44776032790578,65.50918823323754,-0.06142790533175457,34.599999999999994,32.66364645902196,0.0,691.9999999999999,-0.10011129663989533,3.7,84.4,17.0,28.0,22.0,2.0,65.4
2026-07-22 17:28:25,65.4,65.4,65.4,66.5,64.8,66.5,65.51000000000002,0.4458450154232672,66.5,65.0,0.0,65.4238801639529,65.48933582719435,-0.06545566324145113,34.599999999999994,29.158264008681677,0.0,691.9999999999999,-0.24672250713756236,3.1,84.4,17.0,28.0,25.0,2.0,65.4
2026-07-22 17:28:28,65.4,65.4,65.4,65.5,65.0,65.7,65.55000000000001,0.4116363011742776,66.5,65.0,0.0,65.41194008197645,65.47309294952265,-0.06115286754619831,34.599999999999994,26.921014096797755,0.0,691.9999999999999,-0.3643993485805302,11.7,84.4,17.0,28.0,28.0,2.0,65.4
2026-07-22 17:28:31,65.4,65.4,65.4,65.4,65.0,65.8,65.59,0.36953424138441016,66.5,65.4,0.0,65.40597004098822,65.45980332233671,-0.053833281348488526,34.599999999999994,24.167539386540426,0.0,691.9999999999999,-0.5141607426910924,4.5,84.4,17.0,28.0,31.0,2.0,65.4
2026-07-22 17:28:34,65.4,65.4,65.4,65.4,65.5,65.7,65.58000000000001,0.3735713526965787,66.5,65.4,0.0,65.40298502049411,65.44892999100276,-0.04594497050864277,34.599999999999994,24.431566466356248,0.0,691.9999999999999,-0.48183566191759364,18.7,84.4,17.0,28.0,34.0,2.0,65.4
2026-07-22 17:28:37,65.4,65.4,65.4,65.4,66.0,65.9,65.52000000000001,0.3457680661303947,66.5,65.4,0.0,65.40149251024707,65.44003362900226,-0.03854111875519095,34.599999999999994,22.613231524927816,0.0,691.9999999999999,-0.34705344927588144,10.9,84.4,17.0,28.0,37.0,2.0,65.4
2026-07-22 17:28:40,65.4,65.4,65.4,65.4,66.5,65.8,65.41,0.03162277660168766,65.5,65.4,0.0,65.40074625512354,65.43275478736548,-0.032008532241945886,34.599999999999994,2.0681295897503733,0.0,691.9999999999999,-0.31622776601651165,11.9,84.4,17.0,28.0,40.0,2.0,65.4
2026-07-22 17:28:43,65.4,65.4,65.4,65.4,65.5,65.7,65.4,0.0,65.4,65.4,0.0,65.40037312756178,65.42679937148085,-0.026426243919075887,34.599999999999994,0.0,0.0,691.9999999999999,0.0,12.9,84.4,17.0,28.0,43.0,2.0,65.4
2026-07-22 17:28:46,65.4,65.4,65.4,65.4,65.4,65.7,65.4,0.0,65.4,65.4,0.0,65.40018656378089,65.42192675848433,-0.021740194703440352,34.599999999999994,0.0,0.0,691.9999999999999,0.0,17.1,84.4,17.0,28.0,46.0,2.0,65.5
2026-07-22 17:28:49,65.5,65.4,65.4,65.4,65.4,65.7,65.41,0.03162277660168766,65.5,65.4,0.09999999999999432,65.45009328189045,65.43612189330536,0.01397138858509095,34.5,2.071291867410542,0.0031622776601685867,345.0000000000196,2.846049894151301,11.5,84.4,17.0,28.0,49.0,2.0,65.4
2026-07-22 17:28:52,65.4,65.5,65.4,65.4,65.4,64.9,65.41000000000001,0.03162277660168766,65.5,65.4,-0.09999999999999432,65.42504664094523,65.42955427634074,-0.004507635395512466,34.599999999999994,2.0681295897503733,-0.0031622776601685867,691.9999999999999,-0.316227766016961,18.4,84.4,17.0,28.0,52.0,2.0,65.4
2026-07-22 17:28:55,65.4,65.4,65.4,65.4,65.4,64.8,65.41,0.03162277660168766,65.5,65.4,0.0,65.41252332047262,65.42418077155152,-0.011657451078903591,34.599999999999994,2.0681295897503733,0.0,691.9999999999999,-0.31622776601651165,12.4,84.4,17.0,28.0,55.0,2.0,65.4
2026-07-22 17:28:58,65.4,65.4,65.5,65.4,65.4,65.0,65.41,0.03162277660168766,65.5,65.4,0.0,65.40626166023631,65.41978426763306,-0.013522607396751596,34.599999999999994,2.0681295897503733,0.0,691.9999999999999,-0.31622776601651165,10.8,84.4,17.0,28.0,58.0,2.0,65.3
2026-07-22 17:29:01,65.3,65.4,65.4,65.4,65.4,65.0,65.4,0.047140452079108754,65.5,65.3,-0.10000000000000853,65.35313083011815,65.3980053098816,-0.04487447976345038,34.7,3.0782715207658016,-0.004714045207911278,694.0,-2.121320343559572,8.6,84.4,17.0,29.0,1.0,2.0,65.4
2026-07-22 17:29:04,65.4,65.3,65.4,65.5,65.4,65.5,65.4,0.047140452079108754,65.5,65.3,0.10000000000000853,65.37656541505908,65.39836798081221,-0.021802565753134218,34.599999999999994,3.0829855659737126,0.004714045207911278,345.99999999997044,0.0,10.7,84.4,17.0,29.0,4.0,2.0,65.7
