ts,segment_id,cpu_percent,mem_percent,mem_used_mb,disk_percent,disk_used_gb,regime,is_imputed,is_outlier
2026-07-17 15:00:26,0,4.4,71.5,11476.1,86.1,266.7,idle,0,0
2026-07-17 15:00:29,0,3.1,69.8,11205.79,86.1,266.7,idle,0,0
2026-07-17 15:00:32,0,3.05,70.19999999999999,11273.215,85.85,265.945,idle,1,0
2026-07-17 15:00:35,0,3.0,70.6,11340.64,85.6,265.19,idle,0,0
2026-07-17 15:00:38,0,3.45,70.65,11342.849999999999,85.6,265.19,idle,1,0
2026-07-17 15:00:41,0,3.9,70.7,11345.06,85.6,265.19,idle,0,0
2026-07-17 15:00:44,0,3.2,71.4,11457.66,85.6,265.19,idle,0,0
2026-07-17 15:00:47,0,4.45,71.95,11549.59,85.6,265.19,idle,1,0
2026-07-17 15:00:50,0,5.7,72.5,11641.52,85.6,265.19,idle,0,0
2026-07-17 15:00:53,0,4.55,72.4,11623.64,85.6,265.19,idle,1,0
2026-07-17 15:00:56,0,3.4,72.3,11605.76,85.6,265.19,idle,0,0
2026-07-17 15:00:59,0,5.0,72.6,11651.05,85.7,265.41,idle,0,0
2026-07-17 15:01:02,0,3.5,71.25,11438.92,85.7,265.41,idle,1,0
2026-07-17 15:01:05,0,2.0,69.9,11226.79,85.7,265.41,idle,0,0
2026-07-17 15:01:08,0,2.3,69.9,11221.04,85.7,265.41,idle,1,0
2026-07-17 15:01:11,0,2.6,69.9,11215.29,85.7,265.41,idle,0,0
2026-07-17 15:01:14,0,5.5,69.9,11225.76,85.7,265.41,idle,0,0
2026-07-17 15:01:17,0,4.8,69.9,11219.66,85.7,265.41,idle,1,0
2026-07-17 15:01:20,0,4.1,69.9,11213.56,85.7,265.41,idle,0,0
2026-07-17 15:01:23,0,4.199999999999999,69.85,11208.555,85.7,265.41,idle,1,0
2026-07-17 15:01:26,0,4.3,69.8,11203.55,85.7,265.41,idle,0,0
2026-07-17 15:17:37,1,0.8,70.1,11261.12,85.8,265.71,idle,0,0
2026-07-17 15:17:40,1,0.5,70.4,11297.25,85.8,265.71,idle,0,0
2026-07-17 15:17:43,1,20.4,70.7,11345.04,85.8,265.71,ramp,1,0
2026-07-17 15:17:46,1,40.3,71.0,11392.83,85.8,265.71,ramp,0,0
2026-07-17 15:17:49,1,40.9,70.9,11377.605,85.8,265.71,ramp,1,0
2026-07-17 15:17:52,1,41.5,70.8,11362.38,85.8,265.71,ramp,0,0
2026-07-17 15:17:55,1,30.5,70.69999999999999,11350.645,85.8,265.71,ramp,1,0
2026-07-17 15:17:58,1,19.5,70.6,11338.91,85.8,265.71,ramp,0,1
2026-07-17 15:18:01,1,40.15,70.8,11372.02,85.8,265.71,ramp,1,0
2026-07-17 15:18:04,1,60.8,71.0,11405.13,85.8,265.71,ramp,0,0
2026-07-17 15:18:07,1,62.6,71.0,11392.49,85.8,265.71,ramp,0,0
2026-07-17 15:18:10,1,61.45,71.25,11438.115,85.8,265.71,ramp,1,0
2026-07-17 15:18:13,1,60.3,71.5,11483.74,85.8,265.71,ramp,0,0
2026-07-17 15:18:16,1,71.1,71.7,11511.875,85.8,265.71,ramp,1,0
2026-07-17 15:18:19,1,81.9,71.9,11540.01,85.8,265.71,saturated,0,0
2026-07-17 15:18:22,1,75.6,72.0,11553.04,85.8,265.71,ramp,0,0
2026-07-17 15:18:25,1,77.0,72.1,11571.995,85.8,265.71,ramp,1,0
2026-07-17 15:18:28,1,78.4,72.2,11590.95,85.8,265.71,ramp,0,0
2026-07-17 15:18:31,1,86.05000000000001,72.35,11612.065,85.8,265.71,saturated,1,0
2026-07-17 15:18:34,1,93.7,72.5,11633.18,85.8,265.71,saturated,0,0
2026-07-17 15:18:37,1,94.1,73.4,11777.34,85.8,265.71,saturated,0,1
2026-07-17 15:19:37,2,61.1,73.5,11791.64,85.8,265.71,ramp,0,0
2026-07-17 15:19:40,2,63.3,73.5,11794.19,85.8,265.71,ramp,0,0
2026-07-17 15:19:43,2,63.0,74.2,11910.74,85.8,265.71,ramp,0,0
2026-07-17 15:19:46,2,42.2,71.7,11507.32,85.8,265.71,ramp,0,0
2026-07-17 15:19:49,2,34.8,72.2,11595.41,85.8,265.71,ramp,0,0
2026-07-17 15:19:52,2,36.0,72.7,11663.74,85.8,265.71,ramp,0,0
2026-07-17 15:19:55,2,38.8,72.8,11679.54,85.8,265.71,ramp,0,0
2026-07-17 15:19:58,2,41.1,72.9,11701.89,85.8,265.71,ramp,0,0
2026-07-17 15:20:01,2,20.2,72.8,11683.75,85.8,265.71,ramp,0,0
2026-07-17 15:20:04,2,22.7,73.2,11746.37,85.8,265.71,ramp,0,1
2026-07-17 15:20:07,2,18.7,72.4,11620.88,85.8,265.71,ramp,0,0
2026-07-17 15:20:10,2,25.3,72.3,11611.62,85.8,265.72,ramp,0,0
2026-07-17 15:20:13,2,23.7,72.4,11622.33,85.8,265.71,ramp,0,0
2026-07-17 15:20:16,2,11.5,72.3,11607.82,85.8,265.71,idle,0,0
2026-07-17 15:20:19,2,10.9,72.3,11613.03,85.8,265.71,idle,0,0
2026-07-17 15:20:22,2,10.9,72.3,11607.43,85.8,265.71,idle,0,0
2026-07-17 15:20:25,2,11.1,72.3,11605.73,85.8,265.71,idle,0,0
2026-07-17 15:20:28,2,11.7,72.3,11603.98,85.8,265.71,idle,0,0
2026-07-17 15:20:31,2,5.3,70.8,11360.84,85.8,265.71,idle,0,0
2026-07-17 15:20:34,2,4.0,70.6,11336.73,85.8,265.71,idle,0,0
2026-07-17 15:20:37,2,3.6,70.5,11319.2,85.8,265.71,idle,0,0
2026-07-17 15:20:40,2,4.4,70.5,11312.11,85.8,265.71,idle,0,0
2026-07-17 15:20:43,2,3.9,70.5,11322.53,85.8,265.71,idle,0,0
2026-07-17 15:20:46,2,0.2,70.5,11316.59,85.8,265.71,idle,0,1
2026-07-17 15:20:49,2,3.6,70.7,11343.75,85.8,265.72,idle,0,0
2026-07-17 15:20:52,2,1.4,70.6,11337.24,85.8,265.71,idle,0,0
2026-07-17 15:20:55,2,0.3,70.7,11346.59,85.8,265.72,idle,0,0
2026-07-17 15:20:58,2,0.9,70.6,11330.83,85.8,265.72,idle,0,0
2026-07-17 15:21:01,2,4.6,70.6,11340.01,85.8,265.71,idle,0,0
2026-07-17 15:21:04,2,5.2,70.8,11371.22,85.8,265.71,idle,0,0
2026-07-17 15:21:07,2,5.4,70.9,11389.75,85.8,265.71,idle,0,0
2026-07-17 15:21:10,2,4.3,71.6,11495.21,85.8,265.71,idle,0,1
2026-07-17 15:21:13,2,3.6,72.3,11601.28,85.8,265.71,idle,0,0
2026-07-17 15:21:16,2,13.2,72.4,11620.14,85.8,265.71,idle,0,0
2026-07-17 15:21:19,2,13.0,72.4,11624.82,85.8,265.72,idle,0,0
2026-07-17 15:21:22,2,14.7,71.4,11461.83,85.8,265.71,idle,0,0
2026-07-17 15:21:25,2,14.0,70.5,11313.73,85.8,265.71,idle,0,0
2026-07-17 15:21:28,2,14.4,70.5,11310.43,85.8,265.71,idle,0,0
2026-07-17 15:21:31,2,26.1,70.4,11309.14,85.8,265.71,ramp,0,1
2026-07-17 15:21:34,2,26.7,70.7,11353.2,85.8,265.71,ramp,0,1
2026-07-17 15:21:37,2,29.2,71.3,11446.28,85.8,265.71,ramp,0,0
2026-07-17 15:21:40,2,20.4,72.0,11556.01,85.8,265.71,ramp,0,1
2026-07-17 15:21:43,2,20.6,72.3,11602.52,85.8,265.71,ramp,0,0
2026-07-17 15:21:46,2,40.8,72.5,11639.25,85.8,265.72,ramp,0,0
2026-07-17 15:21:49,2,41.6,70.8,11361.23,85.8,265.72,ramp,0,0
2026-07-17 15:21:52,2,42.0,70.7,11346.14,85.8,265.72,ramp,0,0
2026-07-17 15:21:55,2,43.1,70.7,11345.88,85.8,265.72,ramp,0,0
2026-07-17 15:21:58,2,40.2,70.9,11383.86,85.8,265.72,ramp,0,0
2026-07-17 15:22:01,2,62.3,70.8,11372.24,85.8,265.72,ramp,0,0
2026-07-17 15:22:04,2,61.4,70.8,11370.31,85.8,265.72,ramp,0,0
2026-07-17 15:22:07,2,62.1,70.8,11369.93,85.8,265.72,ramp,0,0
2026-07-17 15:22:10,2,62.1,70.8,11369.22,85.8,265.72,ramp,0,0
2026-07-17 15:22:13,2,59.4,70.8,11368.59,85.8,265.72,ramp,0,0
2026-07-17 15:22:16,2,78.3,70.9,11387.89,85.8,265.72,ramp,0,0
2026-07-17 15:22:19,2,76.1,70.9,11387.62,85.8,265.72,ramp,0,0
2026-07-17 15:22:22,2,76.9,70.9,11387.3,85.8,265.72,ramp,0,0
2026-07-17 15:22:25,2,76.9,70.9,11387.54,85.8,265.72,ramp,0,0
2026-07-17 15:22:28,2,77.6,70.9,11387.17,85.8,265.72,ramp,0,0
2026-07-17 15:22:31,2,91.1,71.0,11403.06,85.8,265.72,saturated,0,1
2026-07-17 15:22:34,2,91.7,71.0,11403.02,85.8,265.72,saturated,0,0
2026-07-17 15:22:37,2,90.6,71.0,11402.64,85.8,265.72,saturated,0,0
2026-07-17 15:22:40,2,90.6,71.0,11402.3,85.8,265.72,saturated,0,0
2026-07-17 15:22:43,2,91.1,71.0,11401.52,85.8,265.72,saturated,0,0
2026-07-17 15:22:46,2,95.55,71.0,11400.55,85.8,265.72,saturated,1,0
2026-07-17 15:22:49,2,100.0,71.0,11399.58,85.8,265.72,saturated,0,0
2026-07-17 15:22:52,2,100.0,71.0,11399.82,85.8,265.72,saturated,0,0
2026-07-17 15:22:55,2,100.0,71.0,11400.71,85.8,265.72,saturated,0,0
2026-07-17 15:22:58,2,100.0,71.1,11408.15,85.8,265.72,saturated,0,0
2026-07-17 15:23:01,2,93.7,71.1,11410.79,85.8,265.72,saturated,0,0
2026-07-17 15:23:04,2,90.0,71.0,11399.88,85.8,265.72,saturated,0,0
2026-07-17 15:23:07,2,90.9,70.9,11387.15,85.8,265.72,saturated,0,0
2026-07-17 15:23:10,2,92.5,70.9,11386.48,85.8,265.72,saturated,0,0
2026-07-17 15:23:13,2,91.4,70.9,11386.64,85.8,265.72,saturated,0,0
2026-07-17 15:23:16,2,76.9,70.9,11374.13,85.8,265.72,ramp,0,0
2026-07-17 15:23:19,2,78.8,70.8,11373.71,85.8,265.72,ramp,0,0
2026-07-17 15:23:22,2,77.3,70.8,11373.12,85.8,265.72,ramp,0,0
2026-07-17 15:23:25,2,78.6,70.8,11373.18,85.8,265.72,ramp,0,0
2026-07-17 15:23:28,2,77.9,70.8,11368.25,85.8,265.72,ramp,0,0
2026-07-17 15:23:31,2,64.4,70.7,11351.88,85.8,265.72,ramp,0,0
2026-07-17 15:23:34,2,62.4,70.7,11351.05,85.8,265.72,ramp,0,0
2026-07-17 15:23:37,2,63.0,70.7,11350.39,85.8,265.72,ramp,0,0
2026-07-17 15:23:40,2,63.7,70.7,11350.55,85.8,265.72,ramp,0,0
2026-07-17 15:23:43,2,63.9,70.7,11349.35,85.8,265.72,ramp,0,0
2026-07-17 15:23:46,2,45.5,70.6,11334.58,85.8,265.72,ramp,0,0
2026-07-17 15:23:49,2,46.4,70.6,11338.73,85.8,265.72,ramp,0,0
2026-07-17 15:23:52,2,44.6,70.6,11338.47,85.8,265.72,ramp,0,0
2026-07-17 15:23:55,2,45.0,70.6,11338.69,85.8,265.72,ramp,0,0
2026-07-17 15:23:58,2,44.5,70.6,11339.06,85.8,265.72,ramp,0,0
2026-07-17 15:24:01,2,26.3,70.5,11319.36,85.8,265.72,ramp,0,0
2026-07-17 15:24:04,2,25.5,70.5,11318.75,85.8,265.72,ramp,0,0
2026-07-17 15:24:07,2,25.9,70.5,11318.52,85.8,265.72,ramp,0,0
2026-07-17 15:24:10,2,26.9,70.4,11304.27,85.8,265.72,ramp,0,0
2026-07-17 15:24:13,2,25.3,70.4,11303.09,85.8,265.72,ramp,0,0
2026-07-17 15:24:16,2,11.6,70.3,11280.72,85.8,265.72,idle,0,0
2026-07-17 15:24:19,2,11.3,70.3,11280.58,85.8,265.72,idle,0,0
2026-07-17 15:24:22,2,11.2,70.3,11280.24,85.8,265.72,idle,0,0
2026-07-17 15:24:25,2,11.9,70.3,11280.82,85.8,265.72,idle,0,0
2026-07-17 15:24:28,2,10.9,70.3,11280.41,85.8,265.72,idle,0,0
2026-07-17 15:24:31,2,3.9,70.2,11267.34,85.8,265.72,idle,0,0
2026-07-17 15:24:34,2,4.0,70.3,11279.56,85.8,265.72,idle,0,0
2026-07-17 15:24:37,2,4.3,70.6,11341.32,85.8,265.72,idle,0,0
2026-07-17 15:24:40,2,4.6,70.6,11333.75,85.8,265.72,idle,0,0
2026-07-17 15:24:43,2,4.1,70.6,11333.18,85.8,265.72,idle,0,0
2026-07-17 15:24:46,2,0.2,70.6,11326.16,85.8,265.72,idle,0,1
2026-07-17 15:24:49,2,0.7,70.5,11325.74,85.8,265.72,idle,0,0
2026-07-17 15:24:52,2,0.2,70.6,11325.99,85.8,265.72,idle,0,0
2026-07-17 15:24:55,2,0.0,70.5,11325.59,85.8,265.72,idle,0,0
2026-07-17 15:24:58,2,0.8,70.9,11375.1,85.8,265.72,idle,0,0
2026-07-17 15:25:01,2,4.1,70.6,11337.08,85.8,265.72,idle,0,0
2026-07-17 15:25:04,2,4.9,70.6,11337.05,85.8,265.72,idle,0,0
2026-07-17 15:25:07,2,4.5,70.7,11346.2,85.8,265.72,idle,0,0
2026-07-17 15:25:10,2,4.1,70.7,11343.66,85.8,265.72,idle,0,0
2026-07-17 15:25:13,2,4.6,70.1,11249.9,85.8,265.72,idle,0,0
2026-07-17 15:25:16,2,11.4,70.1,11252.08,85.8,265.72,idle,0,0
2026-07-17 15:25:19,2,13.8,70.1,11252.08,85.8,265.72,idle,0,0
2026-07-17 15:25:22,2,12.7,70.1,11247.42,85.8,265.72,idle,0,0
2026-07-17 15:25:25,2,12.1,70.1,11251.67,85.8,265.72,idle,0,0
2026-07-17 15:25:28,2,13.2,70.1,11252.68,85.8,265.72,idle,0,0
2026-07-17 15:25:31,2,27.2,70.2,11271.84,85.8,265.72,ramp,0,0
2026-07-17 15:25:34,2,27.9,70.2,11270.75,85.8,265.72,ramp,0,0
2026-07-17 15:25:37,2,26.9,70.2,11269.54,85.8,265.72,ramp,0,0
2026-07-17 15:25:40,2,26.6,70.2,11269.21,85.8,265.72,ramp,0,0
2026-07-17 15:25:43,2,26.5,70.2,11267.35,85.8,265.72,ramp,0,0
2026-07-17 15:25:46,2,45.2,70.4,11297.93,85.8,265.72,ramp,0,1
2026-07-17 15:25:49,2,46.8,70.4,11296.23,85.8,265.72,ramp,0,0
2026-07-17 15:25:52,2,46.1,70.2,11263.23,85.8,265.72,ramp,0,0
2026-07-17 15:25:55,2,45.4,70.2,11262.11,85.8,265.72,ramp,0,0
2026-07-17 15:25:58,2,40.7,70.5,11311.3,85.8,265.72,ramp,0,1
2026-07-17 15:26:01,2,61.9,70.4,11298.14,85.8,265.72,ramp,0,0
2026-07-17 15:26:04,2,62.6,69.9,11215.68,85.8,265.72,ramp,0,0
2026-07-17 15:26:07,2,62.3,70.0,11232.65,85.8,265.72,ramp,0,0
2026-07-17 15:26:10,2,62.3,70.0,11232.9,85.8,265.72,ramp,0,0
2026-07-17 15:26:13,2,61.8,70.0,11233.23,85.8,265.72,ramp,0,0
2026-07-17 15:26:16,2,76.4,70.1,11258.04,85.8,265.72,ramp,0,0
2026-07-17 15:26:19,2,77.9,70.1,11258.42,85.8,265.72,ramp,0,0
2026-07-17 15:26:22,2,74.8,70.1,11258.09,85.8,265.72,ramp,0,0
2026-07-17 15:26:25,2,77.0,70.1,11259.9,85.8,265.72,ramp,0,0
2026-07-17 15:26:28,2,76.5,70.1,11259.72,85.8,265.72,ramp,0,0
2026-07-17 15:26:31,2,91.0,70.2,11273.82,85.8,265.72,saturated,0,1
2026-07-17 15:26:34,2,89.4,70.2,11273.51,85.8,265.72,saturated,0,0
2026-07-17 15:26:37,2,90.2,70.2,11274.72,85.8,265.72,saturated,0,0
2026-07-17 15:26:40,2,90.1,70.2,11274.97,85.8,265.72,saturated,0,0
2026-07-17 15:26:43,2,90.3,70.2,11273.82,85.8,265.72,saturated,0,0
2026-07-17 15:26:46,2,95.15,70.25,11275.814999999999,85.8,265.72,saturated,1,0
2026-07-17 15:26:49,2,100.0,70.3,11277.81,85.8,265.72,saturated,0,0
2026-07-17 15:26:52,2,100.0,70.3,11278.47,85.8,265.72,saturated,0,0
2026-07-17 15:26:55,2,100.0,70.3,11280.27,85.8,265.72,saturated,0,0
2026-07-17 15:26:58,2,100.0,70.5,11319.91,85.8,265.72,saturated,0,0
2026-07-17 15:27:01,2,91.7,71.5,11480.73,85.8,265.72,saturated,0,0
2026-07-17 15:27:04,2,95.0,71.7,11518.3,85.8,265.72,saturated,0,0
2026-07-17 15:27:07,2,97.4,72.3,11599.93,85.8,265.72,saturated,0,0
2026-07-17 15:27:10,2,60.35,73.19999999999999,11750.475,85.8,265.725,ramp,1,0
2026-07-17 15:27:13,2,23.3,74.1,11901.02,85.8,265.73,ramp,0,1
2026-07-17 15:27:16,2,69.7,74.6,11968.34,85.8,265.73,ramp,0,1
2026-07-17 15:27:19,2,81.5,72.4,11628.79,85.8,265.73,saturated,0,0
2026-07-17 15:27:22,2,72.4,71.1,11421.52,85.8,265.73,ramp,0,0
2026-07-17 15:27:25,2,81.1,70.6,11329.43,85.8,265.73,saturated,0,0
2026-07-17 15:27:28,2,76.2,70.1,11256.5,85.8,265.73,ramp,0,0
2026-07-17 15:27:31,2,57.2,70.1,11250.57,85.8,265.73,ramp,0,0
2026-07-17 15:27:34,2,62.5,69.8,11208.19,85.8,265.73,ramp,0,0
2026-07-17 15:27:37,2,60.9,69.5,11161.02,85.8,265.73,ramp,0,0
2026-07-17 15:27:40,2,63.3,69.5,11158.36,85.8,265.73,ramp,0,0
2026-07-17 15:27:43,2,56.4,69.5,11163.53,85.8,265.73,ramp,0,0
2026-07-17 15:27:46,2,42.6,69.4,11136.09,85.8,265.73,ramp,0,0
2026-07-17 15:27:49,2,45.3,69.3,11129.0,85.8,265.73,ramp,0,0
2026-07-17 15:27:52,2,45.4,69.2,11107.66,85.8,265.73,ramp,0,0
2026-07-17 15:27:55,2,42.8,68.5,10990.27,85.8,265.73,ramp,0,0
2026-07-17 15:27:58,2,41.3,68.7,11035.88,85.8,265.73,ramp,0,0
2026-07-17 15:28:01,2,24.0,68.3,10962.25,85.7,265.58,ramp,0,1
2026-07-17 15:28:04,2,27.4,68.3,10962.1,85.7,265.58,ramp,0,0
2026-07-17 15:28:07,2,25.8,68.3,10961.93,85.7,265.58,ramp,0,0
2026-07-17 15:28:10,2,26.6,68.3,10961.744999999999,85.7,265.58,ramp,1,0
2026-07-17 15:28:13,2,27.4,68.3,10961.56,85.7,265.58,ramp,0,0
2026-07-17 15:28:16,2,26.9,68.3,10961.35,85.7,265.58,ramp,0,1
2026-07-17 15:28:19,2,12.9,68.1,10940.37,85.7,265.58,idle,0,0
2026-07-17 15:28:22,2,11.6,68.1,10939.39,85.7,265.58,idle,0,0
2026-07-17 15:28:25,2,12.4,68.1,10938.78,85.7,265.58,idle,0,0
2026-07-17 15:28:28,2,12.7,68.1,10936.64,85.7,265.58,idle,0,0
2026-07-17 15:28:31,2,11.1,68.1,10935.32,85.7,265.58,idle,0,0
2026-07-17 15:28:34,2,4.3,68.0,10920.51,85.7,265.58,idle,0,0
2026-07-17 15:28:37,2,3.8,68.0,10920.05,85.7,265.58,idle,0,0
2026-07-17 15:28:40,2,3.9,68.0,10919.66,85.7,265.58,idle,0,0
2026-07-17 15:28:43,2,4.5,68.0,10919.66,85.7,265.58,idle,0,0
2026-07-17 15:28:46,2,3.3,68.0,10918.29,85.7,265.58,idle,0,0
2026-07-17 15:28:49,2,0.5,68.0,10911.33,85.7,265.58,idle,0,0
2026-07-17 15:28:52,2,0.2,68.0,10917.34,85.7,265.58,idle,0,0
2026-07-17 15:28:55,2,0.1,68.0,10917.32,85.7,265.58,idle,0,0
2026-07-17 15:28:58,2,0.2,68.0,10916.08,85.7,265.58,idle,0,0
2026-07-17 15:29:01,2,0.9,68.0,10922.15,85.7,265.58,idle,0,0
2026-07-17 15:29:04,2,3.8,68.0,10921.07,85.7,265.58,idle,0,0
2026-07-17 15:29:07,2,4.3,68.0,10920.77,85.7,265.58,idle,0,0
2026-07-17 15:29:10,2,3.0,68.0,10920.64,85.7,265.58,idle,0,0
2026-07-17 15:29:13,2,2.8,68.0,10920.27,85.7,265.58,idle,0,0
2026-07-17 15:29:16,2,3.7,68.0,10920.08,85.7,265.58,idle,0,0
2026-07-17 15:29:19,2,12.4,68.1,10939.01,85.7,265.58,idle,0,0
2026-07-17 15:29:22,2,14.3,68.1,10938.5,85.7,265.58,idle,0,0
2026-07-17 15:29:25,2,14.1,68.1,10938.71,85.7,265.58,idle,0,0
2026-07-17 15:29:28,2,13.3,68.1,10938.36,85.7,265.58,idle,0,0
2026-07-17 15:29:31,2,13.6,68.1,10938.61,85.7,265.58,idle,0,0
2026-07-17 15:29:34,2,26.7,68.3,10962.79,85.7,265.58,ramp,0,1
2026-07-17 15:29:37,2,26.5,68.3,10960.64,85.7,265.58,ramp,0,0
2026-07-17 15:29:40,2,25.3,68.3,10959.75,85.7,265.58,ramp,0,0
2026-07-17 15:29:43,2,25.5,68.3,10959.95,85.7,265.58,ramp,0,0
2026-07-17 15:29:46,2,20.5,68.4,10974.82,85.7,265.58,ramp,0,1
2026-07-17 15:29:49,2,40.6,68.6,11009.98,85.7,265.58,ramp,0,0
2026-07-17 15:29:52,2,41.5,68.6,11011.52,85.7,265.58,ramp,0,0
2026-07-17 15:29:55,2,43.0,68.5,11004.45,85.7,265.58,ramp,0,0
2026-07-17 15:29:58,2,43.3,68.5,10994.11,85.7,265.58,ramp,0,0
2026-07-17 15:30:01,2,44.1,68.5,11002.48,85.7,265.58,ramp,0,0
2026-07-17 15:30:04,2,59.9,68.7,11022.72,85.7,265.58,ramp,0,0
2026-07-17 15:30:07,2,64.9,68.7,11022.24,85.7,265.58,ramp,0,0
2026-07-17 15:30:10,2,63.8,68.7,11022.41,85.7,265.58,ramp,0,0
2026-07-17 15:30:13,2,62.3,68.7,11022.39,85.7,265.58,ramp,0,0
2026-07-17 15:30:16,2,65.4,68.7,11022.65,85.7,265.58,ramp,0,0
2026-07-17 15:30:19,2,74.0,68.8,11049.04,85.7,265.58,ramp,0,0
2026-07-17 15:30:22,2,78.5,68.8,11048.45,85.7,265.58,ramp,0,0
2026-07-17 15:30:25,2,77.4,68.8,11047.43,85.7,265.58,ramp,0,0
2026-07-17 15:30:28,2,76.6,68.8,11047.29,85.7,265.58,ramp,0,0
2026-07-17 15:30:31,2,77.3,68.8,11044.15,85.7,265.58,ramp,0,0
2026-07-17 15:30:34,2,84.7,68.9,11057.68,85.7,265.58,saturated,0,0
2026-07-17 15:30:37,2,91.7,68.9,11057.02,85.7,265.58,saturated,0,0
2026-07-17 15:30:40,2,91.5,68.9,11056.9,85.7,265.58,saturated,0,0
2026-07-17 15:30:43,2,91.0,68.9,11056.95,85.7,265.58,saturated,0,0
2026-07-17 15:30:46,2,90.5,68.9,11057.14,85.7,265.58,saturated,0,0
2026-07-17 15:30:49,2,93.5,68.9,11061.08,85.7,265.58,saturated,0,0
2026-07-17 15:30:52,2,100.0,68.9,11055.53,85.7,265.58,saturated,0,1
2026-07-17 15:30:55,2,100.0,68.9,11057.11,85.7,265.58,saturated,0,1
2026-07-17 15:30:58,2,100.0,68.9,11058.07,85.7,265.58,saturated,0,1
2026-07-17 15:31:01,2,100.0,68.8,11050.23,85.7,265.58,saturated,0,1
2026-07-17 15:31:04,2,91.2,68.7,11024.53,85.7,265.58,saturated,0,0
2026-07-17 15:31:07,2,91.3,68.4,10982.14,85.7,265.58,saturated,0,0
2026-07-17 15:31:10,2,89.4,68.3,10965.11,85.7,265.58,saturated,0,0
2026-07-17 15:31:13,2,89.9,68.3,10965.65,85.7,265.58,saturated,0,0
2026-07-17 15:31:16,2,89.8,68.3,10965.29,85.7,265.58,saturated,0,0
2026-07-17 15:31:19,2,77.6,68.2,10952.23,85.7,265.52,ramp,0,1
2026-07-17 15:31:22,2,78.1,68.2,10952.3,85.7,265.52,ramp,0,0
2026-07-17 15:31:25,2,78.3,68.2,10951.87,85.7,265.52,ramp,0,0
2026-07-17 15:31:28,2,78.3,68.2,10950.91,85.7,265.52,ramp,0,0
2026-07-17 15:31:31,2,77.1,68.3,10957.82,85.7,265.52,ramp,0,0
2026-07-17 15:31:34,2,69.1,68.19999999999999,10947.135,85.7,265.52,ramp,1,0
2026-07-17 15:31:37,2,61.1,68.1,10936.45,85.7,265.52,ramp,0,0
2026-07-17 15:31:40,2,61.9,68.1,10936.18,85.7,265.52,ramp,0,0
2026-07-17 15:31:43,2,62.4,68.1,10926.82,85.7,265.52,ramp,0,0
2026-07-17 15:31:46,2,62.5,68.1,10926.59,85.7,265.52,ramp,0,0
2026-07-17 15:31:49,2,63.1,68.1,10925.8,85.7,265.52,ramp,0,1
2026-07-17 15:31:52,2,45.4,67.9,10897.97,85.7,265.52,ramp,0,0
2026-07-17 15:31:55,2,45.5,67.9,10897.62,85.7,265.52,ramp,0,0
2026-07-17 15:31:58,2,45.2,67.9,10893.14,85.7,265.52,ramp,0,0
2026-07-17 15:32:01,2,37.2,67.9,10895.84,85.7,265.52,ramp,0,0
2026-07-17 15:32:04,2,39.9,67.9,10896.64,85.7,265.52,ramp,0,0
2026-07-17 15:32:07,2,21.6,67.8,10884.62,85.7,265.52,ramp,0,0
2026-07-17 15:32:10,2,19.8,67.8,10888.61,85.7,265.52,ramp,0,0
2026-07-17 15:32:13,2,14.1,67.8,10885.13,85.7,265.52,idle,0,0
2026-07-17 15:32:16,2,21.5,67.6,10858.35,85.7,265.52,ramp,0,0
2026-07-17 15:32:19,2,23.8,67.7,10875.14,85.7,265.52,ramp,0,0
2026-07-17 15:32:22,2,12.2,67.6,10854.96,85.7,265.52,idle,0,0
2026-07-17 15:32:25,2,6.3,67.6,10854.79,85.7,265.52,idle,0,0
2026-07-17 15:32:28,2,12.8,67.7,10862.89,85.7,265.52,idle,0,0
2026-07-17 15:32:31,2,12.9,67.7,10863.02,85.7,265.52,idle,0,0
2026-07-17 15:32:34,2,11.6,67.7,10862.89,85.7,265.52,idle,0,1
2026-07-17 15:32:37,2,2.3,67.6,10856.85,85.7,265.52,idle,0,0
2026-07-17 15:32:40,2,3.7,67.6,10849.25,85.7,265.52,idle,0,0
2026-07-17 15:32:43,2,4.7,67.5,10839.54,85.7,265.52,idle,0,0
2026-07-17 15:32:46,2,3.9,67.5,10838.84,85.7,265.52,idle,0,0
2026-07-17 15:32:49,2,3.4,67.5,10836.98,85.7,265.52,idle,0,0
2026-07-17 15:32:52,2,0.2,67.6,10848.7,85.7,265.52,idle,0,0
2026-07-17 15:59:34,3,0.9,67.7,10861.98,85.7,265.55,idle,0,0
2026-07-17 15:59:37,3,0.1,67.6,10859.33,85.7,265.55,idle,0,0
2026-07-17 15:59:40,3,0.3,67.6,10845.2,85.7,265.55,idle,0,0
2026-07-17 15:59:43,3,2.3,67.6,10853.95,85.7,265.55,idle,0,1
2026-07-17 15:59:46,3,8.1,67.8,10882.95,85.7,265.47,idle,0,1
2026-07-17 15:59:49,3,0.6,67.7,10867.07,85.7,265.47,idle,0,0
2026-07-17 15:59:52,3,0.5,67.7,10873.21,85.7,265.47,idle,0,0
2026-07-17 15:59:55,3,0.2,67.7,10871.51,85.7,265.47,idle,0,0
2026-07-17 15:59:58,3,1.2,68.4,10985.02,85.7,265.47,idle,0,0
2026-07-17 16:00:01,3,0.7,68.9,11062.5,85.7,265.47,idle,0,0
2026-07-17 16:00:04,3,1.0,69.1,11095.44,85.7,265.47,idle,0,0
2026-07-17 16:00:07,3,0.7,68.9,11061.14,85.7,265.47,idle,0,0
2026-07-17 16:00:10,3,3.8,71.1,11406.28,85.7,265.47,idle,0,1
2026-07-17 16:00:13,3,5.3,74.3,11920.11,85.7,265.48,idle,0,1
2026-07-17 16:00:16,3,2.4,75.6,12133.11,85.7,265.49,idle,0,0
2026-07-17 16:00:19,3,1.4,75.5,12119.05,85.7,265.49,idle,0,0
2026-07-17 16:00:22,3,1.8,75.3,12094.73,85.7,265.49,idle,0,0
2026-07-17 16:00:25,3,0.9,75.2,12066.71,85.7,265.49,idle,0,0
2026-07-17 16:00:28,3,0.1,75.1,12061.88,85.7,265.49,idle,0,0
2026-07-17 16:00:31,3,1.2,75.2,12073.56,85.7,265.49,idle,0,0
2026-07-17 16:00:34,3,0.6,70.6,11329.22,85.7,265.49,idle,0,1
2026-07-17 16:00:37,3,0.3,70.6,11329.78,85.7,265.49,idle,0,1
2026-07-17 16:00:40,3,0.2,70.5,11312.23,85.7,265.49,idle,0,0
2026-07-22 17:26:22,4,7.7,63.7,10041.66,84.4,400.88,idle,0,0
2026-07-22 17:26:25,4,7.7,63.7,10051.52,84.4,400.88,idle,0,0
2026-07-22 17:26:28,4,4.9,63.7,10049.78,84.4,400.88,idle,0,0
2026-07-22 17:26:31,4,14.1,65.2,10280.99,84.4,400.88,idle,0,1
2026-07-22 17:26:34,4,15.9,66.0,10417.25,84.4,400.88,ramp,0,0
2026-07-22 17:26:37,4,14.0,66.0,10413.42,84.4,400.88,idle,0,0
2026-07-22 17:26:40,4,11.5,66.0,10405.8,84.4,400.88,idle,0,0
2026-07-22 17:26:43,4,9.7,66.0,10404.04,84.4,400.88,idle,0,0
2026-07-22 17:26:46,4,11.6,65.9,10392.67,84.4,400.88,idle,0,0
2026-07-22 17:26:49,4,23.0,65.9,10397.71,84.4,400.88,ramp,0,1
2026-07-22 17:26:52,4,7.6,65.9,10394.61,84.4,400.88,idle,0,0
2026-07-22 17:26:55,4,9.9,65.9,10395.32,84.4,400.88,idle,0,0
2026-07-22 17:26:58,4,10.4,65.7,10356.38,84.4,400.88,idle,0,0
2026-07-22 17:27:01,4,8.7,64.8,10227.15,84.4,400.88,idle,0,1
2026-07-22 17:27:04,4,17.8,65.1,10269.31,84.4,400.88,ramp,0,0
2026-07-22 17:27:07,4,9.8,64.94999999999999,10246.509999999998,84.4,400.89,idle,1,0
2026-07-22 17:27:10,4,1.8,64.8,10223.71,84.4,400.9,idle,0,0
2026-07-22 17:27:13,4,3.4,64.8,10226.07,84.4,400.9,idle,0,0
2026-07-22 17:27:16,4,4.7,64.8,10214.79,84.4,400.9,idle,0,0
2026-07-22 17:27:19,4,7.5,64.7,10209.97,84.4,400.9,idle,0,0
2026-07-22 17:27:22,4,14.7,64.9,10229.11,84.4,400.9,idle,0,1
2026-07-22 17:27:25,4,10.8,66.5,10491.4,84.4,400.9,idle,0,1
2026-07-22 17:27:28,4,16.8,65.7,10367.21,84.4,400.9,ramp,0,0
2026-07-22 17:27:31,4,11.5,65.8,10382.11,84.4,400.9,idle,0,0
2026-07-22 17:27:34,4,10.6,65.7,10368.71,84.4,400.9,idle,0,0
2026-07-22 17:27:37,4,18.3,65.9,10387.7,84.4,400.9,ramp,0,0
2026-07-22 17:27:40,4,11.6,65.8,10371.7,84.4,400.9,idle,0,0
2026-07-22 17:27:43,4,9.2,65.7,10369.81,84.4,400.9,idle,0,0
2026-07-22 17:27:46,4,10.5,65.7,10363.66,84.4,400.9,idle,0,0
2026-07-22 17:27:49,4,11.9,65.7,10367.75,84.4,400.9,idle,0,0
2026-07-22 17:27:52,4,19.1,64.9,10238.29,84.4,400.9,ramp,0,0
2026-07-22 17:27:55,4,12.1,64.8,10215.91,84.4,400.9,idle,0,0
2026-07-22 17:27:58,4,14.9,65.0,10257.51,84.4,400.9,idle,0,0
2026-07-22 17:28:01,4,15.6,65.0,10253.59,84.4,400.92,ramp,0,0
2026-07-22 17:28:04,4,11.3,65.5,10326.46,84.4,400.92,idle,0,0
2026-07-22 17:28:07,4,16.1,66.0,10414.41,84.4,400.92,ramp,0,0
2026-07-22 17:28:10,4,7.0,66.5,10485.29,84.4,400.92,idle,0,1
2026-07-22 17:28:13,4,15.7,65.5,10331.07,84.4,400.92,ramp,0,0
2026-07-22 17:28:16,4,2.9,65.4,10320.05,84.4,400.92,idle,0,0
2026-07-22 17:28:19,4,2.5,65.4,10312.51,84.4,400.92,idle,0,0
2026-07-22 17:28:22,4,3.7,65.4,10310.36,84.4,400.92,idle,0,0
2026-07-22 17:28:25,4,3.1,65.4,10309.77,84.4,400.92,idle,0,0
2026-07-22 17:28:28,4,11.7,65.4,10308.47,84.4,400.92,idle,0,0
2026-07-22 17:28:31,4,4.5,65.4,10308.38,84.4,400.92,idle,0,0
